Merged_final_assignment,Plankton_classification,Taxa
[Candida] sake,Non_plankton,Non_plankton
Abothrium gadi,Non_plankton,Non_plankton
Abra,Meroplankton,Meroplankton
Abra alba,Meroplankton,Meroplankton
Abra longicallus,Meroplankton,Meroplankton
Abra nitida,Meroplankton,Meroplankton
Abra prismatica,Meroplankton,Meroplankton
Abyssoninoe,Meroplankton,Meroplankton
Abyssoninoe hibernica,Meroplankton,Meroplankton
Acanthamoeba,Non_plankton,Non_plankton
Acanthamoeba castellanii,Non_plankton,Non_plankton
Acanthocardia echinata,Meroplankton,Meroplankton
Acanthochitona discrepans,Meroplankton,Meroplankton
Acanthocyclops,Holoplankton,Copepoda
Acanthodendrilla australis,Meroplankton,Meroplankton
Acanthodoris pilosa,Meroplankton,Meroplankton
Acartia,Holoplankton,Copepoda
Acartia Acanthacartia bifilosa,Holoplankton,Copepoda
Acartia Acanthacartia tonsa,Holoplankton,Copepoda
Acartia Acartiura clausii,Holoplankton,Copepoda
Acartia Acartiura hudsonica,Holoplankton,Copepoda
Acartia Acartiura longiremis,Holoplankton,Copepoda
Acesta excavata,Meroplankton,Meroplankton
Acinetosporaceae,Phytoplankton,Phytoplankton
Acrochaetiaceae,Phytoplankton,Phytoplankton
Acrochaetium,Phytoplankton,Non_plankton
Acrochaetium humile,Phytoplankton,Non_plankton
Acrochaetium moniliforme,Phytoplankton,Phytoplankton
Acrochaetium parvulum,Phytoplankton,Phytoplankton
Acrochaetium secundatum,Phytoplankton,Phytoplankton
Acroporidae,Holoplankton,Cnidaria
Acteon tornatilis,Meroplankton,Meroplankton
Actinauge cristata,Meroplankton,Meroplankton
Actinauge richardi,Meroplankton,Meroplankton
Actiniaria,Meroplankton,Meroplankton
Actiniidae,Meroplankton,Meroplankton
Adamsia palliata,Meroplankton,Meroplankton
Adeonidae,Meroplankton,Meroplankton
Adephaga,Non_plankton,Non_plankton
Aderidae,Non_plankton,Non_plankton
Aedes,Non_plankton,Non_plankton
Aedini,Non_plankton,Non_plankton
Aegires punctilucens,Meroplankton,Meroplankton
Aegisthidae,Holoplankton,Copepoda
Aeolidia filomenae,Meroplankton,Meroplankton
Aeolidia papillosa,Meroplankton,Meroplankton
Aeolidiella glauca,Meroplankton,Meroplankton
Aeolidiidae,Meroplankton,Meroplankton
Aequipecten opercularis,Meroplankton,Meroplankton
Aequorea vitrina,Holoplankton,Cnidaria
Aetea anguina,Meroplankton,Meroplankton
Aetea truncata,Meroplankton,Meroplankton
Aetideidae,Holoplankton,Copepoda
Aetideopsis,Holoplankton,Copepoda
Aetideopsis armata,Holoplankton,Copepoda
Aetideus,Holoplankton,Copepoda
Aetideus armatus,Holoplankton,Copepoda
Afranthidium,Non_plankton,Non_plankton
Agalma,Holoplankton,Cnidaria
Agalma elegans,Holoplankton,Cnidaria
Agalmatidae,Holoplankton,Cnidaria
Agaricales,Non_plankton,Non_plankton
Agelasidae,Non_plankton,Non_plankton
Agelenidae,Non_plankton,Non_plankton
Aglantha digitale,Holoplankton,Cnidaria
Aglaophamus agilis,Meroplankton,Meroplankton
Aglaophamus pulcher,Meroplankton,Meroplankton
Aglaophenia,Holoplankton,Cnidaria
Aglaophenia pluma,Holoplankton,Cnidaria
Aglaopheniidae,Holoplankton,Cnidaria
Aglaothamnion tenuissimum,Phytoplankton,Phytoplankton
Agromyzidae,Non_plankton,Non_plankton
Ahnfeltia plicata,Phytoplankton,Phytoplankton
Akera bullata,Meroplankton,Meroplankton
Alaria,Phytoplankton,Phytoplankton
Alaria esculenta,Phytoplankton,Phytoplankton
Alcyonidiidae,Meroplankton,Meroplankton
Alcyonidium,Meroplankton,Meroplankton
Alcyonidium diaphanum,Meroplankton,Meroplankton
Alcyonidium polyoum,Meroplankton,Meroplankton
Alcyonium,Meroplankton,Meroplankton
Alcyonium digitatum,Meroplankton,Meroplankton
Alderia modesta,Meroplankton,Meroplankton
Alepocephaliformes,Meroplankton,Meroplankton
Alexandrium,Phytoplankton,Phytoplankton
Alexandrium catenella,Phytoplankton,Phytoplankton
Alexandrium fundyense,Phytoplankton,Phytoplankton
Alexandrium lusitanicum,Phytoplankton,Phytoplankton
Alitta virens,Meroplankton,Meroplankton
Alpheidae,Meroplankton,Meroplankton
Alpheus bellulus,Meroplankton,Meroplankton
Alteromonadales,Non_plankton,Non_plankton
Alteromonas,Non_plankton,Non_plankton
Alteutha interrupta,Holoplankton,Copepoda
Alvania beanii,Meroplankton,Meroplankton
Alvania cimicoides,Meroplankton,Meroplankton
Alvania punctura,Meroplankton,Meroplankton
Amathia,Meroplankton,Meroplankton
Amathia gracilis,Meroplankton,Meroplankton
Ammodytes,Meroplankton,Meroplankton
Ammodytes marinus,Meroplankton,Meroplankton
Ammodytidae,Meroplankton,Meroplankton
Ampharete octocirrata,Meroplankton,Meroplankton
Ampharetidae,Meroplankton,Meroplankton
Amphibalanus,Meroplankton,Meroplankton
Amphictene auricoma,Meroplankton,Meroplankton
Amphidinium,Phytoplankton,Phytoplankton
Amphidinium mootonorum,Phytoplankton,Phytoplankton
Amphidoma languida,Phytoplankton,Phytoplankton
Amphiglena,Meroplankton,Meroplankton
Amphilepidida,Meroplankton,Meroplankton
Amphilepis norvegica,Meroplankton,Meroplankton
Amphilinidea,Non_plankton,Non_plankton
Amphinema rugosum,Holoplankton,Cnidaria
Amphipoda,Holoplankton,Amphipoda
Amphiporidae,Meroplankton,Meroplankton
Amphiroa,Phytoplankton,Non_plankton
Amphissa,Non_plankton,Non_plankton
Amphiura chiajei,Meroplankton,Meroplankton
Amphiura filiformis,Meroplankton,Meroplankton
Amphorina,Meroplankton,Meroplankton
Amphorina pallida,Meroplankton,Meroplankton
Anapagurus,Meroplankton,Meroplankton
Anapagurus chiroacanthus,Meroplankton,Meroplankton
Anapagurus hyndmanni,Meroplankton,Meroplankton
Anapagurus laevis,Meroplankton,Meroplankton
Anarhichas lupus,Meroplankton,Meroplankton
Ancorinidae,Meroplankton,Meroplankton
Anechura bipunctata,Non_plankton,Non_plankton
Anelasma squalicola,Meroplankton,Meroplankton
Anisakis simplex,Meroplankton,Meroplankton
Annulariidae,Meroplankton,Meroplankton
Anomalocera patersonii,Holoplankton,Copepoda
Anopheles,Non_plankton,Non_plankton
Anoplocephalidae,Non_plankton,Non_plankton
Ansanella granifera,Phytoplankton,Phytoplankton
Antalis entalis,Meroplankton,Meroplankton
Anthoathecata,Meroplankton,Meroplankton
Anthopleura elegantissima,Meroplankton,Meroplankton
Antithamnion,Phytoplankton,Non_plankton
Antithamnion hubbsii,Phytoplankton,Phytoplankton
Anura,Non_plankton,Non_plankton
Aonides oxycephala,Meroplankton,Meroplankton
Aonides paucibranchiata,Meroplankton,Meroplankton
Aoridae,Holoplankton,Amphipoda
Aoroides,Holoplankton,Amphipoda
Apatelodidae,Non_plankton,Non_plankton
Aphalaridae,Non_plankton,Non_plankton
Aphanomyces,Non_plankton,Non_plankton
Aphia minuta,Meroplankton,Meroplankton
Aphragmophora,Holoplankton,Chaetognatha
Aphrodita aculeata,Meroplankton,Meroplankton
Aphroditidae,Meroplankton,Meroplankton
Apidae,Non_plankton,Non_plankton
Aplousobranchia,Meroplankton,Meroplankton
Aplysia punctata,Meroplankton,Meroplankton
Apocrita,Non_plankton,Non_plankton
Apodida,Meroplankton,Meroplankton
Apoglossum ruscifolium,Phytoplankton,Non_plankton
Apoidea,Non_plankton,Non_plankton
Apolemia,Holoplankton,Cnidaria
Apolemia uvaria,Holoplankton,Cnidaria
Aporrhaidae,Meroplankton,Meroplankton
Aporrhais,Meroplankton,Meroplankton
Aporrhais pespelecani,Meroplankton,Meroplankton
Aporrhais serresiana,Meroplankton,Meroplankton
Appasus major,Non_plankton,Non_plankton
Arachnactidae,Meroplankton,Meroplankton
Arachnanthus sarsi,Meroplankton,Meroplankton
Araneae,Non_plankton,Non_plankton
Araneoidea,Non_plankton,Non_plankton
Araneomorphae,Non_plankton,Non_plankton
Arbacioida,Meroplankton,Meroplankton
Archidoris pseudoargus,Meroplankton,Meroplankton
Archinemertea,Meroplankton,Meroplankton
Architaenioglossa,Meroplankton,Meroplankton
Arctica islandica,Meroplankton,Meroplankton
Argentina silus,Meroplankton,Meroplankton
Argentina sphyraena,Meroplankton,Meroplankton
Argis,Non_plankton,Non_plankton
Argissa hamatipes,Holoplankton,Amphipoda
Armina loveni,Meroplankton,Meroplankton
Arthoniaceae,Non_plankton,Non_plankton
Arthoniales,Non_plankton,Non_plankton
Artiodactyla,Non_plankton,Non_plankton
Ascidia,Meroplankton,Meroplankton
Ascidia conchilega,Phytoplankton,Phytoplankton
Ascidia mentula,Phytoplankton,Phytoplankton
Ascidiacea,Non_plankton,Non_plankton
Ascidiella,Phytoplankton,Phytoplankton
Ascidiella aspersa,Phytoplankton,Phytoplankton
Ascophyllum nodosum,Phytoplankton,Phytoplankton
Asparagopsis taxiformis,Phytoplankton,Phytoplankton
Aspergillaceae,Non_plankton,Non_plankton
Aspergillus,Phytoplankton,Non_plankton
Aspergillus oryzae,Non_plankton,Non_plankton
Asteiidae,Non_plankton,Non_plankton
Asterias rubens,Meroplankton,Meroplankton
Asterina,Non_plankton,Non_plankton
Asterina gibbosa,Meroplankton,Meroplankton
Asterina gibbosa (Pennant 1777),Meroplankton,Meroplankton
Asterinidae,Meroplankton,Meroplankton
Asterionellopsis,Phytoplankton,Phytoplankton
Astropecten irregularis,Meroplankton,Meroplankton
Astrophorina,Non_plankton,Non_plankton
Atalodoris pusilla,Meroplankton,Meroplankton
Atelecyclidae,Meroplankton,Meroplankton
Atelecyclus,Meroplankton,Meroplankton
Atelecyclus rotundatus,Meroplankton,Meroplankton
Athanas nitescens,Meroplankton,Meroplankton
Atherospio guillei,Meroplankton,Meroplankton
Atlantopandalus,Meroplankton,Meroplankton
Atlantopandalus propinqvus,Meroplankton,Meroplankton
Atteva,Non_plankton,Non_plankton
Attheya longicornis,Phytoplankton,Phytoplankton
Atylotus,Non_plankton,Non_plankton
Audouinella hermannii,Phytoplankton,Phytoplankton
Augeneria,Meroplankton,Meroplankton
Aurantiochytrium,Phytoplankton,Phytoplankton
Aurelia aurita,Holoplankton,Cnidaria
Aureococcus anophagefferens,Non_plankton,Non_plankton
Axinellida,Meroplankton,Meroplankton
Azadinium,Phytoplankton,Phytoplankton
Baccha,Non_plankton,Non_plankton
Bacillariaceae,Phytoplankton,Phytoplankton
Bacillariales,Phytoplankton,Non_plankton
Baicaliidae,Meroplankton,Meroplankton
Balanidae,Meroplankton,Meroplankton
Balanus,Meroplankton,Meroplankton
Balanus balanus,Meroplankton,Meroplankton
Balanus crenatus,Meroplankton,Meroplankton
Bangia,Phytoplankton,Phytoplankton
Bangia fuscopurpurea,Non_plankton,Non_plankton
Bangiaceae,Non_plankton,Non_plankton
Bangiales,Non_plankton,Non_plankton
Barantolla americana,Meroplankton,Meroplankton
Barentsia gracilis,Meroplankton,Meroplankton
Bathycoccus prasinos,Phytoplankton,Phytoplankton
Bathyctenidae,Holoplankton,Ctenophora
Batzella aurantiaca,Meroplankton,Meroplankton
Belone belone,Meroplankton,Meroplankton
Belostomatidae,Non_plankton,Non_plankton
Benthosema glaciale,Meroplankton,Meroplankton
Berghia norvegica,Meroplankton,Meroplankton
Berkeleyaceae,Phytoplankton,Phytoplankton
Beroe,Holoplankton,Ctenophora
Beroe cucumis,Holoplankton,Ctenophora
Berthella plumula,Meroplankton,Meroplankton
Bestiolina,Holoplankton,Copepoda
Bethylidae,Non_plankton,Non_plankton
Biecheleria cincta,Phytoplankton,Phytoplankton
Biemna,Meroplankton,Meroplankton
Biemna variantia,Meroplankton,Meroplankton
Biemnidae,Meroplankton,Meroplankton
Biomphalaria,Meroplankton,Meroplankton
Bionectriaceae,Non_plankton,Non_plankton
Bittium reticulatum,Meroplankton,Meroplankton
Blastomonas,Non_plankton,Non_plankton
Blattidae,Non_plankton,Non_plankton
Blattodea,Non_plankton,Non_plankton
Blenniiformes,Meroplankton,Meroplankton
Boccardia pugettensis,Meroplankton,Meroplankton
Boletaceae,Non_plankton,Non_plankton
Boletales,Non_plankton,Non_plankton
Bolinopsis,Holoplankton,Ctenophora
Bolinopsis infundibulum,Holoplankton,Ctenophora
Boltenia echinata,Phytoplankton,Phytoplankton
Bombycidae,Non_plankton,Non_plankton
Bonellia viridis,Meroplankton,Meroplankton
Bonnemaisonia asparagoides,Phytoplankton,Non_plankton
Bonnemaisonia hamifera,Phytoplankton,Phytoplankton
Bonnemaisoniales,Phytoplankton,Phytoplankton
Bonneviellidae,Holoplankton,Cnidaria
Bopyridae,Meroplankton,Meroplankton
Bopyroides hippolytes,Meroplankton,Meroplankton
Boreomysis (Boreomysis) arctica,Holoplankton,Other
Boreomysis Boreomysis arctica,Holoplankton,Other
Boroecia,Holoplankton,Ostracoda
Boroecia antipoda,Holoplankton,Ostracoda
Boroecia borealis,Holoplankton,Ostracoda
Boroecia maxima,Holoplankton,Ostracoda
Bos taurus,Non_plankton,Non_plankton
Bosminidae,Meroplankton,Meroplankton
Bossiella,Phytoplankton,Non_plankton
Bothriocephalidea,Non_plankton,Non_plankton
Boudemos ardabilia,Meroplankton,Meroplankton
Bougainvillia,Holoplankton,Cnidaria
Bougainvillia britannica,Holoplankton,Cnidaria
Bougainvillia muscoides,Holoplankton,Cnidaria
Bougainvillia muscus,Holoplankton,Cnidaria
Bougainvillia principis,Holoplankton,Cnidaria
Bougainvillia superciliaris,Holoplankton,Cnidaria
Bougainvilliidae,Holoplankton,Cnidaria
Brachiokasakhstania,Non_plankton,Non_plankton
Brachionidae,Meroplankton,Meroplankton
Brachionus,Non_plankton,Non_plankton
Brachybasidiaceae,Non_plankton,Non_plankton
Brachycera,Non_plankton,Non_plankton
Brachystomia,Meroplankton,Meroplankton
Braconidae,Non_plankton,Non_plankton
Bradyidius armatus,Holoplankton,Copepoda
Bramidae,Meroplankton,Meroplankton
Branchiostoma lanceolatum,Meroplankton,Meroplankton
Brissopsis lyrifera,Meroplankton,Meroplankton
Brosme brosme,Meroplankton,Meroplankton
Bryocamptus Arcticocamptus cuspidatus cuspidatus,Holoplankton,Copepoda
Buccinoidea,Meroplankton,Meroplankton
Buenia jeffreysii,Meroplankton,Meroplankton
Bugulidae,Meroplankton,Meroplankton
Bulinus,Meroplankton,Meroplankton
Burkholderia,Non_plankton,Non_plankton
Burkholderiaceae,Non_plankton,Non_plankton
Burkholderiales,Non_plankton,Non_plankton
Buthidae,Non_plankton,Non_plankton
Bylgides,Meroplankton,Meroplankton
Bylgides groenlandicus,Meroplankton,Meroplankton
Cafeteria roenbergensis,Non_plankton,Non_plankton
Calanidae,Holoplankton,Copepoda
Calanoida,Holoplankton,Copepoda
Calanus,Holoplankton,Copepoda
Calanus euxinus,Holoplankton,Copepoda
Calanus finmarchicus,Holoplankton,Calanus
Calanus glacialis,Holoplankton,Copepoda
Calanus helgolandicus,Holoplankton,Copepoda
Calanus helgolandicus helgolandicus,Holoplankton,Copepoda
Calanus hyperboreus,Holoplankton,Copepoda
Caligidae,Holoplankton,Copepoda
Caligus coryphaenae,Meroplankton,Meroplankton
Caligus curtus,Meroplankton,Meroplankton
Caligus elongatus,Meroplankton,Meroplankton
Calliactis palliata,Meroplankton,Meroplankton
Callianassa,Meroplankton,Meroplankton
Callianassa subterranea,Meroplankton,Meroplankton
Callianassidae,Meroplankton,Meroplankton
Callianax,Meroplankton,Meroplankton
Callionymus lyra,Meroplankton,Meroplankton
Callionymus maculatus,Meroplankton,Meroplankton
Callionymus reticulatus,Meroplankton,Meroplankton
Calliopaea,Meroplankton,Meroplankton
Calliopaea bellula,Meroplankton,Meroplankton
Calliostoma laugieri,Meroplankton,Meroplankton
Callipallene,Meroplankton,Meroplankton
Callipallenidae,Meroplankton,Meroplankton
Calliphoridae,Non_plankton,Non_plankton
Callithamniaceae,Phytoplankton,Phytoplankton
Callithamnion corymbosum,Phytoplankton,Phytoplankton
Callochiton septemvalvis,Meroplankton,Meroplankton
Callopora lineata,Meroplankton,Meroplankton
Calocalanus contractus,Holoplankton,Copepoda
Calocalanus styliremis,Holoplankton,Copepoda
Calocarides coronatus,Meroplankton,Meroplankton
Calosilpha brunnicollis,Non_plankton,Non_plankton
Calycophorae,Holoplankton,Cnidaria
Camaenidae,Meroplankton,Meroplankton
Camarodonta,Meroplankton,Meroplankton
Cambalopsidae,Non_plankton,Non_plankton
Campanularia hincksii,Holoplankton,Cnidaria
Campanulariidae,Holoplankton,Cnidaria
Campylaspis horrida,Meroplankton,Meroplankton
Canalipalpata,Meroplankton,Meroplankton
Cancer pagurus,Meroplankton,Meroplankton
Candacia,Holoplankton,Copepoda
Candacia armata,Holoplankton,Copepoda
Candacia norvegica norvegica,Holoplankton,Copepoda
Candaciidae,Holoplankton,Copepoda
Candidatus Pelagibacter,Non_plankton,Non_plankton
Candiella plebeia,Meroplankton,Meroplankton
Cantharidae,Non_plankton,Non_plankton
Capitella,Meroplankton,Meroplankton
Capitella capitata,Meroplankton,Meroplankton
Capitellidae,Meroplankton,Meroplankton
Capulidae,Meroplankton,Meroplankton
Capulus ungaricus,Meroplankton,Meroplankton
Carabidae,Non_plankton,Non_plankton
Carangidae,Non_plankton,Non_plankton
Carcharhinidae,Non_plankton,Non_plankton
Carcinonemertes,Meroplankton,Meroplankton
Carcinus maenas,Meroplankton,Meroplankton
Cardiida,Meroplankton,Meroplankton
Caridion,Meroplankton,Meroplankton
Caridion gordoni,Meroplankton,Meroplankton
Carinina ochracea,Meroplankton,Meroplankton
Carinoma,Meroplankton,Meroplankton
Carinomiformes,Meroplankton,Meroplankton
Carnoidea,Non_plankton,Non_plankton
Carradoriella elongata,Phytoplankton,Phytoplankton
Carronella pellucida,Meroplankton,Meroplankton
Caryophyllia Caryophyllia smithii,Meroplankton,Meroplankton
Caryophyllia diomedeae,Meroplankton,Meroplankton
Caryophylliidae,Holoplankton,Cnidaria
Caryophylliina,Non_plankton,Non_plankton
Cassiopeidae,Non_plankton,Non_plankton
Caulobacterales,Non_plankton,Non_plankton
Cecidomyiidae,Non_plankton,Non_plankton
Celleporella hyalina,Meroplankton,Meroplankton
Centropages,Holoplankton,Copepoda
Centropages hamatus,Holoplankton,Copepoda
Centropages typicus,Holoplankton,Copepoda
Centropagidae,Holoplankton,Copepoda
Cephalaspidea,Meroplankton,Meroplankton
Cephalothrix,Meroplankton,Meroplankton
Cephalothrix arenaria,Meroplankton,Meroplankton
Cephalothrix linearis,Meroplankton,Meroplankton
Cephalotrichidae,Meroplankton,Meroplankton
Ceramiaceae,Holoplankton,Cnidaria
Ceramiales,Phytoplankton,Phytoplankton
Ceramium,Phytoplankton,Non_plankton
Ceramium pallidum,Phytoplankton,Phytoplankton
Ceramium secundatum,Phytoplankton,Phytoplankton
Ceramium virgatum,Phytoplankton,Phytoplankton
Cerastoderma edule,Meroplankton,Meroplankton
Ceratiaceae,Phytoplankton,Non_plankton
Ceratobasidiaceae,Non_plankton,Non_plankton
Ceratocephale loveni,Meroplankton,Meroplankton
Ceratopogonidae,Non_plankton,Non_plankton
Cerebratulidae,Meroplankton,Meroplankton
Cerebratulus,Meroplankton,Meroplankton
Cerebratulus fuscus,Meroplankton,Meroplankton
Cerebratulus marginatus,Meroplankton,Meroplankton
Cerianthidae,Meroplankton,Meroplankton
Cerodontha,Non_plankton,Non_plankton
Chaetoceros socialis,Phytoplankton,Phytoplankton
Chaetocerotales,Phytoplankton,Non_plankton
Chaetodermatida,Non_plankton,Non_plankton
Chaetonotus,Non_plankton,Non_plankton
Chaetophorales,Phytoplankton,Non_plankton
Chaetopteris plumosa,Phytoplankton,Phytoplankton
Chaetopterus variopedatus,Meroplankton,Meroplankton
Chaetozone chambersae,Meroplankton,Meroplankton
Chaetozone pugettensis,Meroplankton,Meroplankton
Chalcidoidea,Non_plankton,Non_plankton
Chalinidae,Phytoplankton,Phytoplankton
Chamaemyiidae,Non_plankton,Non_plankton
Chamelea striatula,Meroplankton,Meroplankton
Chaoboridae,Non_plankton,Non_plankton
Characiformes,Meroplankton,Meroplankton
Charopidae,Meroplankton,Meroplankton
Cheilostomatida,Non_plankton,Non_plankton
Cheiracanthiidae,Non_plankton,Non_plankton
Chelidonichthys cuculus,Meroplankton,Meroplankton
Chimaera monstrosa,Meroplankton,Meroplankton
Chionoecetes japonicus,Meroplankton,Meroplankton
Chionoecetes opilio,Meroplankton,Meroplankton
Chironomidae,Non_plankton,Non_plankton
Chironomoidea,Non_plankton,Non_plankton
Chlorellales,Non_plankton,Non_plankton
Chloroidium,Non_plankton,Non_plankton
Chloroparvula,Phytoplankton,Non_plankton
Chloroparvula pacifica,Phytoplankton,Phytoplankton
Chloropicon,Phytoplankton,Non_plankton
Chloropicon roscoffensis,Phytoplankton,Phytoplankton
Chloropicon sieburthii,Phytoplankton,Phytoplankton
Chondrus crispus,Phytoplankton,Phytoplankton
Chorda filum,Phytoplankton,Phytoplankton
Chordaria flagelliformis,Phytoplankton,Phytoplankton
Chordariaceae,Phytoplankton,Phytoplankton
Chromulinales,Phytoplankton,Phytoplankton
Chrysochromulina,Phytoplankton,Non_plankton
Chrysochromulina camella,Non_plankton,Non_plankton
Chrysochromulina parva,Phytoplankton,Non_plankton
Chrysochromulina simplex,Non_plankton,Non_plankton
Chrysochromulina throndsenii,Phytoplankton,Phytoplankton
Chrysomelidae,Non_plankton,Non_plankton
Chrysopidae,Non_plankton,Non_plankton
Chrysopinae,Non_plankton,Non_plankton
Cicadellidae,Non_plankton,Non_plankton
Cicadidae,Non_plankton,Non_plankton
Cidaris,Meroplankton,Meroplankton
Cidaris abyssicola,Meroplankton,Meroplankton
Ciliata mustela,Meroplankton,Meroplankton
Ciliatocardium ciliatum,Meroplankton,Meroplankton
Ciona intestinalis,Phytoplankton,Phytoplankton
Cladosporium,Non_plankton,Non_plankton
Cladosporium herbarum,Non_plankton,Non_plankton
Clausocalanidae,Holoplankton,Copepoda
Clausocalanus,Holoplankton,Copepoda
Clausocalanus arcuicornis arcuicornis,Holoplankton,Copepoda
Clausocalanus jobei,Holoplankton,Copepoda
Clausocalanus lividus,Holoplankton,Copepoda
Clausocalanus parapergens,Holoplankton,Copepoda
Clausocalanus pergens,Holoplankton,Copepoda
Clausophyidae,Holoplankton,Cnidaria
Clavicipitaceae,Non_plankton,Non_plankton
Clavularia crassa,Meroplankton,Meroplankton
Clelandella miliaris,Meroplankton,Meroplankton
Cleridae,Non_plankton,Non_plankton
Clione,Holoplankton,Pteropoda
Clione limacina,Holoplankton,Pteropoda
Clionidae,Holoplankton,Pteropoda
Clubionidae,Non_plankton,Non_plankton
Clupea harengus,Meroplankton,Meroplankton
Clytia,Holoplankton,Cnidaria
Clytia gracilis,Holoplankton,Cnidaria
Clytia hemisphaerica,Holoplankton,Cnidaria
Clytia islandica,Holoplankton,Cnidaria
Clytiidae,Holoplankton,Cnidaria
Coccinellidae,Non_plankton,Non_plankton
Coccolithaceae,Phytoplankton,Non_plankton
Cocculinida,Meroplankton,Meroplankton
Cochliopodiidae,Non_plankton,Non_plankton
Cochliopodium,Non_plankton,Non_plankton
Coenobitidae,Meroplankton,Meroplankton
Colaconema,Phytoplankton,Phytoplankton
Colaconema daviesii,Phytoplankton,Phytoplankton
Coleoptera,Non_plankton,Non_plankton
Colletotrichum,Non_plankton,Non_plankton
Colpomenia,Phytoplankton,Phytoplankton
Columbellidae,Meroplankton,Meroplankton
Colwelliaceae,Non_plankton,Non_plankton
Comamonadaceae,Non_plankton,Non_plankton
Comatulida,Meroplankton,Meroplankton
Conchoecia magna,Holoplankton,Ostracoda
Coniopterygidae,Non_plankton,Non_plankton
Coralliidae,Meroplankton,Meroplankton
Corallinaceae,Phytoplankton,Phytoplankton
Corallinales,Phytoplankton,Phytoplankton
Cordagalma,Holoplankton,Cnidaria
Cordycipitaceae,Non_plankton,Non_plankton
Cordylophora,Non_plankton,Non_plankton
Cordylophoridae,Non_plankton,Non_plankton
Coreidae,Non_plankton,Non_plankton
Corella parallelogramma,Phytoplankton,Phytoplankton
Cornularia cornucopiae,Meroplankton,Meroplankton
Coronatae,Holoplankton,Cnidaria
Corvus,Non_plankton,Non_plankton
Corvus corone,Non_plankton,Non_plankton
Corycaeidae,Holoplankton,Copepoda
Corydendrium dispar,Holoplankton,Cnidaria
Corymorpha nutans,Holoplankton,Cnidaria
Corymorphidae,Holoplankton,Cnidaria
Corynebacterium pyruviciproducens,Non_plankton,Non_plankton
Corynidae,Holoplankton,Cnidaria
Coryphaenoides,Meroplankton,Meroplankton
Coryphaenoides rupestris,Meroplankton,Meroplankton
Coryphella borealis,Meroplankton,Meroplankton
Coryphella browni,Meroplankton,Meroplankton
Coryphella gracilis,Meroplankton,Meroplankton
Coryphella lineata,Meroplankton,Meroplankton
Coryphella orjani,Meroplankton,Meroplankton
Coryphella verrucosa,Meroplankton,Meroplankton
Corystes,Meroplankton,Meroplankton
Corystes cassivelaunus,Meroplankton,Meroplankton
Corystidae,Meroplankton,Meroplankton
Coscinodiscus granii,Phytoplankton,Phytoplankton
Coscinodiscus wailesii,Phytoplankton,Phytoplankton
Cosmetira pilosella,Holoplankton,Cnidaria
Crabronidae,Non_plankton,Non_plankton
Crambidae,Non_plankton,Non_plankton
Crangon,Meroplankton,Meroplankton
Crangon allmanni,Meroplankton,Meroplankton
Crangon crangon,Meroplankton,Meroplankton
Crangonidae,Meroplankton,Meroplankton
Crassiclitellata,Non_plankton,Non_plankton
Cricotopus sylvestris,Non_plankton,Non_plankton
Crisia eburnea,Meroplankton,Meroplankton
Crisularia purpurotincta,Meroplankton,Meroplankton
Crossaster papposus,Meroplankton,Meroplankton
Cryptomonadaceae,Phytoplankton,Non_plankton
Cryptomonadales,Phytoplankton,Non_plankton
Cryptomonas,Phytoplankton,Phytoplankton
Cryptoniscidae,Meroplankton,Meroplankton
Cryptopleura ramosa,Phytoplankton,Phytoplankton
Cryptosula pallasiana,Meroplankton,Meroplankton
Crystallogobius linearis,Meroplankton,Meroplankton
Crystallophyes amygdalina,Holoplankton,Cnidaria
Ctenidae,Non_plankton,Non_plankton
Ctenocalanus,Holoplankton,Copepoda
Ctenocalanus vanus,Holoplankton,Copepoda
Ctenodiscus crispatus,Meroplankton,Meroplankton
Ctenolabrus rupestris,Meroplankton,Meroplankton
Ctenostomatida,Non_plankton,Non_plankton
Cucumariidae,Meroplankton,Meroplankton
Culex,Non_plankton,Non_plankton
Culicidae,Non_plankton,Non_plankton
Cumanotus beaumonti,Meroplankton,Meroplankton
Cunea russae,Non_plankton,Non_plankton
Curculionidae,Non_plankton,Non_plankton
Cuthona nana,Meroplankton,Meroplankton
Cutleria multifida,Phytoplankton,Non_plankton
Cutleriales,Phytoplankton,Non_plankton
Cyanea,Holoplankton,Cnidaria
Cyanea capillata,Holoplankton,Cnidaria
Cyanea lamarckii,Holoplankton,Cnidaria
Cyaneidae,Holoplankton,Cnidaria
Cyclocanna producta,Holoplankton,Cnidaria
Cycloneritida,Meroplankton,Meroplankton
Cyclophyllidea,Non_plankton,Non_plankton
Cyclopina,Holoplankton,Copepoda
Cyclopina norvegica,Holoplankton,Copepoda
Cyclopoida,Holoplankton,Copepoda
Cyclostomatida,Non_plankton,Non_plankton
Cydnidae,Non_plankton,Non_plankton
Cylichna cylindracea,Meroplankton,Meroplankton
Cylindrotheca,Phytoplankton,Non_plankton
Cylindrotheca closterium,Phytoplankton,Phytoplankton
Cylista,Meroplankton,Meroplankton
Cylista elegans,Meroplankton,Meroplankton
Cymatosirales,Phytoplankton,Non_plankton
Cymbellales,Phytoplankton,Non_plankton
Cyrillia linearis,Meroplankton,Meroplankton
Cystobasidiales,Non_plankton,Non_plankton
Cystoclonium purpureum,Phytoplankton,Phytoplankton
Dactylogyridae,Meroplankton,Meroplankton
Dactylogyridea,Non_plankton,Non_plankton
Dactylopodida,Non_plankton,Non_plankton
Dactylopusia tisboides,Holoplankton,Copepoda
Damaeidae,Non_plankton,Non_plankton
Dasineura,Non_plankton,Non_plankton
Dasysiphonia,Phytoplankton,Phytoplankton
Dasysiphonia japonica,Phytoplankton,Phytoplankton
Davidiellaceae,Non_plankton,Non_plankton
Decapoda,Meroplankton,Meroplankton
Delectopecten vitreus,Meroplankton,Meroplankton
Delesseria sanguinea,Phytoplankton,Non_plankton
Delesseriaceae,Phytoplankton,Phytoplankton
Delphacidae,Non_plankton,Non_plankton
Deltalsia parasitica,Phytoplankton,Phytoplankton
Demodex brevis,Non_plankton,Non_plankton
Demodex folliculorum,Non_plankton,Non_plankton
Dendrochirotida,Meroplankton,Meroplankton
Dendronotus frondosus,Meroplankton,Meroplankton
Dendronotus yrjargul,Meroplankton,Meroplankton
Dendrorhynchus,Meroplankton,Meroplankton
Dermatophagoides farinae,Non_plankton,Non_plankton
Desmapsamma anchorata,Meroplankton,Meroplankton
Desmarestia aculeata,Phytoplankton,Phytoplankton
Desmarestia viridis,Phytoplankton,Phytoplankton
Desmodora,Non_plankton,Non_plankton
Diaixis hibernica,Holoplankton,Copepoda
Diaphana,Meroplankton,Meroplankton
Diaphana minuta,Meroplankton,Meroplankton
Diaphanidae,Meroplankton,Meroplankton
Diaphorodoris luteocincta,Meroplankton,Meroplankton
Diapriidae,Non_plankton,Non_plankton
Diastylis lucifera,Meroplankton,Meroplankton
Diastyloides biplicatus,Holoplankton,Other
Dichelopandalus bonnieri,Meroplankton,Meroplankton
Dichomeris,Non_plankton,Non_plankton
Dictyonellidae,Meroplankton,Meroplankton
Dictyosiphon foeniculaceus,Phytoplankton,Phytoplankton
Dictyota,Phytoplankton,Phytoplankton
Dictyota dichotoma,Phytoplankton,Phytoplankton
Dictyotales,Phytoplankton,Non_plankton
Dilsea,Phytoplankton,Non_plankton
Dinophysis tripos,Phytoplankton,Phytoplankton
Diosaccus tenuicornis,Holoplankton,Copepoda
Diphasia rosacea,Holoplankton,Cnidaria
Diphyidae,Holoplankton,Cnidaria
Diphyllobothriidae,Meroplankton,Meroplankton
Dipleurosoma typicum,Holoplankton,Cnidaria
Diplocirrus glaucus,Meroplankton,Meroplankton
Diplosoma listerianum,Meroplankton,Meroplankton
Diplostomida,Non_plankton,Non_plankton
Dipodascaceae,Non_plankton,Non_plankton
Dipolydora giardi,Meroplankton,Meroplankton
Dipolydora socialis,Meroplankton,Meroplankton
Diptera,Non_plankton,Non_plankton
Discoconchoecia,Holoplankton,Ostracoda
Discoconchoecia elegans,Holoplankton,Ostracoda
Disconectes,Meroplankton,Meroplankton
Discostella,Phytoplankton,Non_plankton
Ditrichocorycaeus anglicus,Holoplankton,Copepoda
Ditylum brightwellii,Phytoplankton,Phytoplankton
Dolichopodidae,Non_plankton,Non_plankton
Dolomedidae,Non_plankton,Non_plankton
Donax vittatus,Meroplankton,Meroplankton
Doropygus,Holoplankton,Copepoda
Dorvilleidae,Meroplankton,Meroplankton
Dosinia exoleta,Meroplankton,Meroplankton
Dosinia lupinus,Meroplankton,Meroplankton
Dothideales,Non_plankton,Non_plankton
Dothioraceae,Non_plankton,Non_plankton
Dotidae,Meroplankton,Meroplankton
Doto,Meroplankton,Meroplankton
Doto coronata,Meroplankton,Meroplankton
Doto dunnei,Meroplankton,Meroplankton
Doto fragilis,Meroplankton,Meroplankton
Drosophila,Non_plankton,Non_plankton
Drosophilidae,Non_plankton,Non_plankton
Dryinidae,Non_plankton,Non_plankton
Durvillaea,Non_plankton,Non_plankton
Durvillaeaceae,Phytoplankton,Phytoplankton
Dytiscinae,Non_plankton,Non_plankton
Earleria panicula,Holoplankton,Cnidaria
Ebalia,Meroplankton,Meroplankton
Ebalia cranchii,Meroplankton,Meroplankton
Ebalia tuberosa,Meroplankton,Meroplankton
Echinidae,Meroplankton,Meroplankton
Echinocardium,Meroplankton,Meroplankton
Echinocardium cordatum,Meroplankton,Meroplankton
Echinocardium flavescens,Meroplankton,Meroplankton
Echinocardium pennatifidum,Meroplankton,Meroplankton
Echinocyamus pusillus,Meroplankton,Meroplankton
Echinometridae,Non_plankton,Non_plankton
Echinus esculentus,Meroplankton,Meroplankton
Echinus melo,Meroplankton,Meroplankton
Echiodon drummondii,Meroplankton,Meroplankton
Ectinosomatidae,Holoplankton,Copepoda
Ectocarpaceae,Phytoplankton,Phytoplankton
Ectocarpales,Phytoplankton,Phytoplankton
Ectocarpus crouaniorum,Phytoplankton,Phytoplankton
Ectocarpus fasciculatus,Phytoplankton,Phytoplankton
Ectocarpus siliculosus,Phytoplankton,Phytoplankton
Edwardsia longicornis,Meroplankton,Meroplankton
Edwardsia timida,Meroplankton,Meroplankton
Edwardsia tuberculata,Meroplankton,Meroplankton
Eimeria,Non_plankton,Non_plankton
Eirenidae,Holoplankton,Cnidaria
Elachista fucicola,Phytoplankton,Phytoplankton
Elaphoidella,Non_plankton,Non_plankton
Electra,Meroplankton,Meroplankton
Electra pilosa,Meroplankton,Meroplankton
Electridae,Meroplankton,Meroplankton
Elysia viridis,Meroplankton,Meroplankton
Embletonia pulchra,Meroplankton,Meroplankton
Embolemidae,Non_plankton,Non_plankton
Emericellopsis,Non_plankton,Non_plankton
Emericellopsis fuci,Non_plankton,Non_plankton
Emplectonema gracile,Meroplankton,Meroplankton
Enchelyopus cimbrius,Meroplankton,Meroplankton
Enchytraeida,Non_plankton,Non_plankton
Enchytraeidae,Non_plankton,Non_plankton
Encyonema,Phytoplankton,Phytoplankton
Encyrtidae,Non_plankton,Non_plankton
Enipo chuckchi,Meroplankton,Meroplankton
Ensis,Meroplankton,Meroplankton
Ensis ensis,Meroplankton,Meroplankton
Ensis magnus,Meroplankton,Meroplankton
Ensis siliqua,Meroplankton,Meroplankton
Entalina tetragona,Meroplankton,Meroplankton
Entomobryidae,Non_plankton,Non_plankton
Entomobryomorpha,Non_plankton,Non_plankton
Entovalva,Non_plankton,Non_plankton
Ephemeridae,Non_plankton,Non_plankton
Ephemeroptera,Non_plankton,Non_plankton
Epipleminae,Non_plankton,Non_plankton
Epitonium clathrus,Meroplankton,Meroplankton
Epitonium trevelyanum,Meroplankton,Meroplankton
Ercolania viridis,Meroplankton,Meroplankton
Erebidae,Non_plankton,Non_plankton
Ericaria balearica,Phytoplankton,Phytoplankton
Erotylidae,Non_plankton,Non_plankton
Erythropeltales,Non_plankton,Non_plankton
Eteone longa,Meroplankton,Meroplankton
Ethmodiscus punctiger,Phytoplankton,Phytoplankton
Eualus,Meroplankton,Meroplankton
Eualus cranchii,Meroplankton,Meroplankton
Eualus pusiolus,Meroplankton,Meroplankton
Eubranchidae,Meroplankton,Meroplankton
Eubranchus,Meroplankton,Meroplankton
Eubranchus exiguus,Meroplankton,Meroplankton
Eubranchus rupium,Meroplankton,Meroplankton
Eucalanidae,Holoplankton,Copepoda
Eucampia zodiacus,Phytoplankton,Phytoplankton
Eucanuella spinifera,Holoplankton,Copepoda
Euceraphis betulae,Non_plankton,Non_plankton
Euchaeta longicornis,Holoplankton,Copepoda
Euchaetidae,Holoplankton,Copepoda
Euchlanis dilatata,Holoplankton,Other
Eucoccidiorida,Non_plankton,Non_plankton
Eudendriidae,Holoplankton,Cnidaria
Eudendrium,Holoplankton,Cnidaria
Eudendrium arbuscula,Holoplankton,Cnidaria
Eudendrium capillare,Holoplankton,Cnidaria
Eudesme,Phytoplankton,Phytoplankton
Eukrohnia,Holoplankton,Chaetognatha
Eukrohnia bathyantarctica,Holoplankton,Chaetognatha
Eukrohnia hamata,Holoplankton,Chaetognatha
Eukrohniidae,Holoplankton,Chaetognatha
Eulima bilineata,Meroplankton,Meroplankton
Eulimidae,Meroplankton,Meroplankton
Eulophidae,Non_plankton,Non_plankton
Eulus,Meroplankton,Meroplankton
Eumida bahusiensis,Meroplankton,Meroplankton
Eumida elektra,Meroplankton,Meroplankton
Eumida ockelmanni,Meroplankton,Meroplankton
Eumida schanderi,Meroplankton,Meroplankton
Eumonostilifera,Meroplankton,Meroplankton
Eunice norvegica,Meroplankton,Meroplankton
Eunice pennata,Meroplankton,Meroplankton
Eunicida,Meroplankton,Meroplankton
Eunicidae,Meroplankton,Meroplankton
Eunoe nodosa,Meroplankton,Meroplankton
Eupelmidae,Non_plankton,Non_plankton
Euphausiacea,Holoplankton,Euphausiidae
Euphausiidae,Holoplankton,Euphausiidae
Euphysa,Holoplankton,Cnidaria
Euphysa aurata,Holoplankton,Cnidaria
Eurotiales,Non_plankton,Non_plankton
Eurychasmataceae,Non_plankton,Non_plankton
Eurynome aspera,Meroplankton,Meroplankton
Eurynome spinosa,Meroplankton,Meroplankton
Eurytomidae,Non_plankton,Non_plankton
Eusergestes arcticus,Meroplankton,Meroplankton
Euspira,Meroplankton,Meroplankton
Euspira fusca,Meroplankton,Meroplankton
Euspira montagui,Meroplankton,Meroplankton
Euspira nitida,Meroplankton,Meroplankton
Euterpina acutifrons,Holoplankton,Copepoda
Eutetrarhynchidae,Meroplankton,Meroplankton
Eutonina,Holoplankton,Cnidaria
Eutonina indicans,Holoplankton,Cnidaria
Eutrigla gurnardus,Meroplankton,Meroplankton
Euura ribesii,Non_plankton,Non_plankton
Euxoa,Non_plankton,Non_plankton
Evadne,Holoplankton,Cladocera
Evadne nordmanni,Holoplankton,Cladocera
Evalea,Meroplankton,Meroplankton
Exogone verugera,Meroplankton,Meroplankton
Facelina annulicornis,Meroplankton,Meroplankton
Facelina bostoniensis,Meroplankton,Meroplankton
Fasciolidae,Non_plankton,Non_plankton
Faviina,Holoplankton,Cnidaria
Fibulariidae,Meroplankton,Meroplankton
Filistatidae,Non_plankton,Non_plankton
Flavobacteriaceae,Non_plankton,Non_plankton
Flavobacteriales,Non_plankton,Non_plankton
Forcipulatida,Meroplankton,Meroplankton
Fragilariaceae,Phytoplankton,Phytoplankton
Fucaceae,Non_plankton,Non_plankton
Fucales,Phytoplankton,Phytoplankton
Fucus,Phytoplankton,Phytoplankton
Fusarium,Non_plankton,Non_plankton
Gadiculus argenteus,Meroplankton,Meroplankton
Gadidae,Meroplankton,Meroplankton
Gadiformes,Meroplankton,Meroplankton
Gadus morhua,Meroplankton,Meroplankton
Gaetanus minor,Holoplankton,Copepoda
Gaidropsarus vulgaris,Meroplankton,Meroplankton
Gaillona seposita,Phytoplankton,Phytoplankton
Galathea,Meroplankton,Meroplankton
Galathea dispersa,Meroplankton,Meroplankton
Galathea intermedia,Meroplankton,Meroplankton
Galathea nexa,Meroplankton,Meroplankton
Galathea squamifera,Meroplankton,Meroplankton
Galathea strigosa,Meroplankton,Meroplankton
Galatheascus striatus,Non_plankton,Non_plankton
Galatheidae,Meroplankton,Meroplankton
Galatheoidea,Meroplankton,Meroplankton
Galathowenia oculata,Meroplankton,Meroplankton
Galeommatida,Meroplankton,Meroplankton
Galeommatoidea,Meroplankton,Meroplankton
Gallus gallus,Non_plankton,Non_plankton
Gambierdiscus toxicus,Phytoplankton,Non_plankton
Gammarellus homari,Holoplankton,Amphipoda
Gammarus locusta,Holoplankton,Amphipoda
Gari fervensis,Meroplankton,Meroplankton
Gastropoda,Meroplankton,Meroplankton
Gastrosaccus spinifer,Holoplankton,Other
Gattyana,Meroplankton,Meroplankton
Gattyana cirrhosa,Meroplankton,Meroplankton
Gelidiales,Phytoplankton,Non_plankton
Gelidiellaceae,Phytoplankton,Phytoplankton
Gelidium,Phytoplankton,Phytoplankton
Geminocarpus,Phytoplankton,Phytoplankton
Geometridae,Non_plankton,Non_plankton
Geoplanidae,Non_plankton,Non_plankton
Gephyrocapsa huxleyi,Phytoplankton,Phytoplankton
Gigartinales,Non_plankton,Non_plankton
Glaciecola chathamensis,Non_plankton,Non_plankton
Glaucidae,Non_plankton,Non_plankton
Globisporangium,Non_plankton,Non_plankton
Glomerellalles,Non_plankton,Non_plankton
Glossobalanus marginatus,Meroplankton,Meroplankton
Glycera lapidum,Meroplankton,Meroplankton
Glycera lapidum II,Meroplankton,Meroplankton
Glycinde nordmanni,Meroplankton,Meroplankton
Glyphohesione,Meroplankton,Meroplankton
Glyptocephalus cynoglossus,Meroplankton,Meroplankton
Gobiiformes,Meroplankton,Meroplankton
Golfingia Golfingia margaritacea,Meroplankton,Meroplankton
Gomphonema,Phytoplankton,Phytoplankton
Gonactiniidae,Meroplankton,Meroplankton
Goniada maculata,Meroplankton,Meroplankton
Goniada norvegica,Meroplankton,Meroplankton
Goniadella gracilis,Meroplankton,Meroplankton
Goniodomataceae,Phytoplankton,Phytoplankton
Goniopsyllus rostratus,Holoplankton,Copepoda
Gonothyraea loveni,Holoplankton,Cnidaria
Gonyaulacaceae,Phytoplankton,Non_plankton
Gonyaulacales,Phytoplankton,Non_plankton
Gonyaulax spinifera,Phytoplankton,Phytoplankton
Gracilariales,Phytoplankton,Non_plankton
Gracilechinus,Meroplankton,Meroplankton
Gracilechinus acutus,Meroplankton,Meroplankton
Gracilechinus elegans,Meroplankton,Meroplankton
Grammonema striatula,Phytoplankton,Phytoplankton
Grania efflorescens,Phytoplankton,Non_plankton
Grania pectinata,Phytoplankton,Non_plankton
Grapsoidea,Non_plankton,Non_plankton
Guinardia striata,Non_plankton,Non_plankton
Gurjanovella littoralis,Meroplankton,Meroplankton
Gymnammodytes,Meroplankton,Meroplankton
Gymnammodytes cicerelus,Meroplankton,Meroplankton
Gymnodiniaceae,Phytoplankton,Phytoplankton
Gymnodiniales,Phytoplankton,Phytoplankton
Gymnodinium,Phytoplankton,Phytoplankton
Gymnodinium catenatum,Phytoplankton,Phytoplankton
Gyraulus,Non_plankton,Non_plankton
Hadrurus,Non_plankton,Non_plankton
Haemosporida,Non_plankton,Non_plankton
Haleciidae,Holoplankton,Cnidaria
Halecium halecinum,Holoplankton,Cnidaria
Halecium muricatum,Holoplankton,Cnidaria
Halichondria,Meroplankton,Meroplankton
Halichondria (Halichondria) panicea,Meroplankton,Meroplankton
Halichondria Halichondria panicea,Meroplankton,Meroplankton
Haliclona,Phytoplankton,Phytoplankton
Halidrys siliquosa,Phytoplankton,Phytoplankton
Halobiotus crispae,Non_plankton,Non_plankton
Halocyprididae,Holoplankton,Ostracoda
Halonoproctidae,Non_plankton,Non_plankton
Halopsis ocellata,Holoplankton,Cnidaria
Halymeniaceae,Phytoplankton,Phytoplankton
Halymeniales,Phytoplankton,Phytoplankton
Haminoeidae,Meroplankton,Meroplankton
Hansarsia,Non_plankton,Non_plankton
Hansarsia difficilis,Holoplankton,Euphausiidae
Hansarsia megalops,Holoplankton,Euphausiidae
Hapalidiaceae,Phytoplankton,Phytoplankton
Hapalidiales,Phytoplankton,Non_plankton
Haplosclerida,Meroplankton,Meroplankton
Haplospora globosa,Phytoplankton,Phytoplankton
Haplotrematidae,Meroplankton,Meroplankton
Haraldiophyllum,Phytoplankton,Phytoplankton
Harmothoe,Meroplankton,Meroplankton
Harmothoe abyssicola,Meroplankton,Meroplankton
Harmothoe antilopes,Meroplankton,Meroplankton
Harmothoe clavigera,Meroplankton,Meroplankton
Harmothoe extenuata,Meroplankton,Meroplankton
Harmothoe fernandi,Meroplankton,Meroplankton
Harmothoe fraserthomsoni,Meroplankton,Meroplankton
Harmothoe glabra,Meroplankton,Meroplankton
Harmothoe imbricata,Meroplankton,Meroplankton
Harmothoe impar,Meroplankton,Meroplankton
Harmothoe mariannae,Meroplankton,Meroplankton
Harpacticidae,Holoplankton,Copepoda
Harpacticoida,Holoplankton,Copepoda
Harpacticus chelifer,Holoplankton,Copepoda
Harpacticus flexus,Holoplankton,Copepoda
Harpacticus gracilis,Holoplankton,Copepoda
Harpacticus uniremis uniremis,Holoplankton,Copepoda
Hecatonema maculans,Phytoplankton,Non_plankton
Hecatonema terminale,Phytoplankton,Phytoplankton
Hedylopsis spiculifera,Meroplankton,Meroplankton
Helicarionidae,Meroplankton,Meroplankton
Helicarionoidea,Meroplankton,Meroplankton
Helotiaceae,Non_plankton,Non_plankton
Helotiales,Non_plankton,Non_plankton
Hemiarthrus abdominalis,Meroplankton,Meroplankton
Hemiasterellidae,Meroplankton,Meroplankton
Hemiaulaceae,Phytoplankton,Non_plankton
Hemiaulales,Phytoplankton,Non_plankton
Hemilamprops roseus,Meroplankton,Meroplankton
Hemimysis abyssicola,Holoplankton,Other
Hemioniscus,Holoplankton,Other
Hemioniscus balani,Meroplankton,Meroplankton
Hemiptera,Non_plankton,Non_plankton
Henricia sanguinolenta,Meroplankton,Meroplankton
Hermania indistincta,Meroplankton,Meroplankton
Hermania scabra,Meroplankton,Meroplankton
Hero formosa,Meroplankton,Meroplankton
Herpotrichiellaceae,Non_plankton,Non_plankton
Hesionidae,Meroplankton,Meroplankton
Heterocapsa rotundata,Phytoplankton,Phytoplankton
Heteroclymene robusta,Meroplankton,Meroplankton
Heteronemertea,Meroplankton,Meroplankton
Heteroneura,Non_plankton,Non_plankton
Heterorhabdidae,Holoplankton,Copepoda
Heterorhabdus,Holoplankton,Copepoda
Heterorhabdus norvegicus,Holoplankton,Copepoda
Heterorhabdus papilliger,Holoplankton,Copepoda
Heterosiphonia plumosa,Phytoplankton,Non_plankton
Hiatella,Meroplankton,Meroplankton
Hiatella arctica,Meroplankton,Meroplankton
Hildenbrandia,Phytoplankton,Phytoplankton
Hildenbrandia rubra,Phytoplankton,Phytoplankton
Hildenbrandiaceae,Phytoplankton,Phytoplankton
Hildenbrandiales,Phytoplankton,Non_plankton
Hincksia,Phytoplankton,Phytoplankton
Hincksia hincksiae,Phytoplankton,Phytoplankton
Hincksia sandriana,Phytoplankton,Phytoplankton
Hippoglossoides platessoides,Meroplankton,Meroplankton
Hippoglossus hippoglossus,Meroplankton,Meroplankton
Hippolyte varians,Meroplankton,Meroplankton
Hippolytidae,Meroplankton,Meroplankton
Hippothoidae,Meroplankton,Meroplankton
Holopedium gibberum,Holoplankton,Cladocera
Homo sapiens,Non_plankton,Non_plankton
Homoeonema platygonon,Holoplankton,Cnidaria
Homosclerophorida,Non_plankton,Non_plankton
Hormathia digitata,Meroplankton,Meroplankton
Hormathiidae,Meroplankton,Meroplankton
Hubrechtella dubia,Meroplankton,Meroplankton
Hyala vitrea,Meroplankton,Meroplankton
Hyalinoecia tubicola,Meroplankton,Meroplankton
Hyas,Meroplankton,Meroplankton
Hyas araneus,Meroplankton,Meroplankton
Hyas coarctatus,Meroplankton,Meroplankton
Hybocodon,Holoplankton,Cnidaria
Hybocodon prolifer,Holoplankton,Cnidaria
Hybotidae,Non_plankton,Non_plankton
Hydractiniidae,Holoplankton,Cnidaria
Hydrallmania falcata,Holoplankton,Cnidaria
Hydrobiidae,Non_plankton,Non_plankton
Hydroides elegans,Meroplankton,Meroplankton
Hydroides norvegica,Meroplankton,Meroplankton
Hydropsychidae,Meroplankton,Meroplankton
Hydrozoa,Holoplankton,Cnidaria
Hygromiidae,Meroplankton,Meroplankton
Hymenopodidae,Non_plankton,Non_plankton
Hymenoptera,Non_plankton,Non_plankton
Hymeraphia,Meroplankton,Meroplankton
Hyperia,Holoplankton,Amphipoda
Hyperiidae,Holoplankton,Amphipoda
Hyperoche,Holoplankton,Amphipoda
Hyperoche medusarum,Holoplankton,Amphipoda
Hyperoplus immaculatus,Meroplankton,Meroplankton
Hyphomicrobiales,Non_plankton,Non_plankton
Hypnea,Phytoplankton,Phytoplankton
Hypocreales,Non_plankton,Non_plankton
Hypogymnia,Non_plankton,Non_plankton
Hysterothylacium,Meroplankton,Meroplankton
Hysterothylacium aduncum,Meroplankton,Meroplankton
Ichneumonidae,Non_plankton,Non_plankton
Idiopidae,Non_plankton,Non_plankton
Idoteidae,Holoplankton,Other
Isarachnanthus nocturnus,Meroplankton,Meroplankton
Ischyrocerus,Holoplankton,Amphipoda
Ischyrocerus anguipes,Holoplankton,Amphipoda
Isias clavipes,Holoplankton,Copepoda
Isochrysidales,Non_plankton,Non_plankton
Isocirrus,Meroplankton,Meroplankton
Isopoda,Meroplankton,Meroplankton
Ixodida,Non_plankton,Non_plankton
Ixodidae,Non_plankton,Non_plankton
Jania adhaerens,Phytoplankton,Phytoplankton
Jania adherens,Phytoplankton,Non_plankton
Jassa falcata,Holoplankton,Amphipoda
Jassa marmorata,Holoplankton,Amphipoda
Jassa slatteryi,Holoplankton,Amphipoda
Jorunna tomentosa,Meroplankton,Meroplankton
Kallymeniaceae,Phytoplankton,Phytoplankton
Kareniaceae,Non_plankton,Non_plankton
Karnekampia sulcata,Meroplankton,Meroplankton
Kathlaniidae,Non_plankton,Non_plankton
Kellia suborbicularis,Meroplankton,Meroplankton
Kirchenpaueria pinnata,Holoplankton,Cnidaria
Knoutsodonta,Meroplankton,Meroplankton
Kryptoperidinium triquetrum,Phytoplankton,Phytoplankton
Kurtiella bidentata,Meroplankton,Meroplankton
Kurtiella tumidula,Meroplankton,Meroplankton
Kurtiformes,Meroplankton,Meroplankton
Labidocera,Holoplankton,Copepoda
Labidoplax buskii,Meroplankton,Meroplankton
Lachesillidae,Non_plankton,Non_plankton
Lacuna,Meroplankton,Meroplankton
Lacuna vincta,Meroplankton,Meroplankton
Laevicardium crassum,Meroplankton,Meroplankton
Lafoea dumosa,Holoplankton,Cnidaria
Lafoeidae,Holoplankton,Cnidaria
Lagis koreni,Meroplankton,Meroplankton
Lamellaria,Meroplankton,Meroplankton
Lamellaria latens,Meroplankton,Meroplankton
Laminaria,Phytoplankton,Phytoplankton
Laminaria digitata,Phytoplankton,Phytoplankton
Laminariaceae,Non_plankton,Non_plankton
Laminariales,Phytoplankton,Phytoplankton
Laminariocolax,Non_plankton,Non_plankton
Laminariocolax aecidioides,Phytoplankton,Phytoplankton
Laminariocolax tomentosoides,Phytoplankton,Phytoplankton
Lampeidae,Non_plankton,Non_plankton
Lanice conchilega,Meroplankton,Meroplankton
Laodicea,Holoplankton,Cnidaria
Laodicea undulata,Holoplankton,Cnidaria
Laodiceidae,Holoplankton,Cnidaria
Laonice,Meroplankton,Meroplankton
Laonice bahusiensis,Meroplankton,Meroplankton
Laonice cirrata,Meroplankton,Meroplankton
Laonice irinae,Meroplankton,Meroplankton
Laonice sarsi,Meroplankton,Meroplankton
Lasiocampidae,Non_plankton,Non_plankton
Lasioseius fimetorum,Non_plankton,Non_plankton
Latridiidae,Non_plankton,Non_plankton
Laurencieae,Non_plankton,Non_plankton
Leathesia marina,Phytoplankton,Non_plankton
Lebbeus,Meroplankton,Meroplankton
Lebetus scorpioides,Meroplankton,Meroplankton
Lecanorales,Non_plankton,Non_plankton
Lecithoceridae,Non_plankton,Non_plankton
Legionellales,Non_plankton,Non_plankton
Lehmannia,Non_plankton,Non_plankton
Leiochone johnstoni,Meroplankton,Meroplankton
Leiodidae,Non_plankton,Non_plankton
Leodice,Meroplankton,Meroplankton
Leodice antarctica,Meroplankton,Meroplankton
Leohumicola,Non_plankton,Non_plankton
Lepeophtheirus salmonis salmonis,Meroplankton,Meroplankton
Lepetellida,Non_plankton,Non_plankton
Lepidoptera,Non_plankton,Non_plankton
Lepidorhombus whiffiagonis,Meroplankton,Meroplankton
Leptocera curvinervis,Non_plankton,Non_plankton
Leptomitales,Non_plankton,Non_plankton
Lepton squamosum,Meroplankton,Meroplankton
Leptoneta abeillei,Non_plankton,Non_plankton
Leptoplanoidea,Meroplankton,Meroplankton
Leptosiphonia brodiei,Phytoplankton,Phytoplankton
Leptosynapta,Meroplankton,Meroplankton
Leptothecata,Holoplankton,Cnidaria
Leucia violacea,Meroplankton,Meroplankton
Leuckartiara nobilis,Holoplankton,Cnidaria
Leuckartiara octona,Holoplankton,Cnidaria
Leucocephalonemertes aurantiaca,Meroplankton,Meroplankton
Leucosiidae,Meroplankton,Meroplankton
Leucosolenida,Non_plankton,Non_plankton
Leufroyia concinna,Meroplankton,Meroplankton
Levanderina fissa,Phytoplankton,Phytoplankton
Liebstadia,Non_plankton,Non_plankton
Liebstadia similis,Non_plankton,Non_plankton
Limacia clavigera,Meroplankton,Meroplankton
Limacina,Holoplankton,Pteropoda
Limacina retroversa,Holoplankton,Pteropoda
Limacinidae,Holoplankton,Pteropoda
Limacodidae,Non_plankton,Non_plankton
Limanda,Meroplankton,Meroplankton
Limanda aspera,Meroplankton,Meroplankton
Limanda limanda,Meroplankton,Meroplankton
Limapontia capitata,Meroplankton,Meroplankton
Limapontia depressa,Meroplankton,Meroplankton
Limapontiidae,Meroplankton,Meroplankton
Limaria loscombi,Meroplankton,Meroplankton
Limidae,Meroplankton,Meroplankton
Limnophyes,Non_plankton,Non_plankton
Lineidae,Meroplankton,Meroplankton
Lineus longissimus,Meroplankton,Meroplankton
Lingulodinium polyedrum,Phytoplankton,Phytoplankton
Linyphiidae,Non_plankton,Non_plankton
Liocarcinus,Meroplankton,Meroplankton
Liocarcinus holsatus,Meroplankton,Meroplankton
Liomesus ovum,Meroplankton,Meroplankton
Liparis montagui,Meroplankton,Meroplankton
Liposcelis,Non_plankton,Non_plankton
Lissodendoryx,Meroplankton,Meroplankton
Lithodesmiaceae,Phytoplankton,Phytoplankton
Lithodesmiales,Phytoplankton,Phytoplankton
Lithodesmium,Phytoplankton,Phytoplankton
Lithothamnion,Phytoplankton,Non_plankton
Litosiphon laminariae,Phytoplankton,Phytoplankton
Littorina littorea,Meroplankton,Meroplankton
Littorinidae,Non_plankton,Non_plankton
Littorinimorpha,Meroplankton,Meroplankton
Lizzia,Holoplankton,Cnidaria
Lizzia blondina,Holoplankton,Cnidaria
Lobata,Non_plankton,Non_plankton
Lobophytum rigidum,Meroplankton,Meroplankton
Loktanella salsilacus,Non_plankton,Non_plankton
Longipedia,Holoplankton,Copepoda
Longipedia coronata,Holoplankton,Copepoda
Lophius piscatorius,Meroplankton,Meroplankton
Lophodoris danielsseni,Meroplankton,Meroplankton
Loveniidae,Meroplankton,Meroplankton
Loxosomatida,Non_plankton,Non_plankton
Lucicutia flavicornis,Holoplankton,Copepoda
Luidia,Meroplankton,Meroplankton
Luidia sarsii,Meroplankton,Meroplankton
Luidiidae,Meroplankton,Meroplankton
Lumbrineris aniara,Meroplankton,Meroplankton
Lutraria angustior,Meroplankton,Meroplankton
Lutraria lutraria,Meroplankton,Meroplankton
Lycaenidae,Non_plankton,Non_plankton
Lychas,Non_plankton,Non_plankton
Lycosidae,Non_plankton,Non_plankton
Lymnaeidae,Meroplankton,Meroplankton
Lymnaeoidea,Meroplankton,Meroplankton
Macellicephala violacea,Meroplankton,Meroplankton
Macoma balthica,Meroplankton,Meroplankton
Macoma calcarea,Meroplankton,Meroplankton
Macomangulus tenuis,Meroplankton,Meroplankton
Macrocystis,Non_plankton,Non_plankton
Macropipus tuberculatus,Meroplankton,Meroplankton
Macropodia rostrata,Meroplankton,Meroplankton
Macropodia tenuirostris,Meroplankton,Meroplankton
Mactra stultorum,Meroplankton,Meroplankton
Magelona johnstoni,Meroplankton,Meroplankton
Magelona minuta,Meroplankton,Meroplankton
Magelona mirabilis,Meroplankton,Meroplankton
Majidae,Meroplankton,Meroplankton
Malacalcyonacea,Meroplankton,Meroplankton
Malacobdella grossa,Meroplankton,Meroplankton
Malacoceros,Meroplankton,Meroplankton
Malacoceros fuliginosus,Meroplankton,Meroplankton
Malacoceros tetracerus,Meroplankton,Meroplankton
Malassezia globosa,Non_plankton,Non_plankton
Maldanidae,Meroplankton,Meroplankton
Mallotus villosus,Meroplankton,Meroplankton
Malmgrenia,Meroplankton,Meroplankton
Malmgrenia castanea,Meroplankton,Meroplankton
Malmgrenia ljungmani,Meroplankton,Meroplankton
Malmgrenia lunulata,Meroplankton,Meroplankton
Malmgrenia mcintoshi,Meroplankton,Meroplankton
Mangeliidae,Meroplankton,Meroplankton
Mantispidae,Non_plankton,Non_plankton
Marenzelleria viridis,Meroplankton,Meroplankton
Margalefidinium polykrikoides,Phytoplankton,Non_plankton
Margelopsidae,Holoplankton,Cnidaria
Marrus orthocanna,Holoplankton,Cnidaria
Marthasterias glacialis,Meroplankton,Meroplankton
Maurolicus muelleri,Meroplankton,Meroplankton
Maxmuelleria lankesteri,Meroplankton,Meroplankton
Mediomastus,Meroplankton,Meroplankton
Meganyctiphanes,Meroplankton,Meroplankton
Meganyctiphanes norvegica,Holoplankton,Euphausiidae
Megaselia,Non_plankton,Non_plankton
Megastomia conspicua,Meroplankton,Meroplankton
Meiodiscus spetsbergensis,Phytoplankton,Non_plankton
Meira,Non_plankton,Non_plankton
Melampsora,Non_plankton,Non_plankton
Melanagromyza,Non_plankton,Non_plankton
Melanella lubrica,Meroplankton,Meroplankton
Melanogrammus,Non_plankton,Non_plankton
Melanogrammus aeglefinus,Meroplankton,Meroplankton
Melarhaphe neritoides,Meroplankton,Meroplankton
Meleagris gallopavo,Non_plankton,Non_plankton
Melicertum octocostatum,Holoplankton,Cnidaria
Melinna albicincta,Meroplankton,Meroplankton
Mellitidae,Meroplankton,Meroplankton
Melosira nummuloides,Phytoplankton,Phytoplankton
Melosirales,Phytoplankton,Non_plankton
Membranipora membranacea,Meroplankton,Meroplankton
Membranoptera alata,Phytoplankton,Non_plankton
Merlangius,Meroplankton,Meroplankton
Merlangius merlangus,Meroplankton,Meroplankton
Merluccius merluccius,Meroplankton,Meroplankton
Merona cornucopiae,Holoplankton,Cnidaria
Mesocalanus tenuicornis,Holoplankton,Copepoda
Mesogloia vermiculata,Phytoplankton,Non_plankton
Mesophyllum expansum,Phytoplankton,Phytoplankton
Mesorhizobium,Non_plankton,Non_plankton
Mesostigmata,Non_plankton,Non_plankton
Metacnephia,Non_plankton,Non_plankton
Metarhizium,Non_plankton,Non_plankton
Methylococcales,Non_plankton,Non_plankton
Metridia,Holoplankton,Copepoda
Metridia longa longa,Holoplankton,Copepoda
Metridia lucens lucens,Holoplankton,Copepoda
Metridia pacifica,Holoplankton,Copepoda
Metridinidae,Holoplankton,Copepoda
Metridium senile,Meroplankton,Meroplankton
Michthyops parvus,Holoplankton,Other
Microcalanus,Holoplankton,Copepoda
Microcalanus pusillus,Holoplankton,Copepoda
Microdeutopus anomalus,Holoplankton,Amphipoda
Microgastrinae,Non_plankton,Non_plankton
Microhedyle glandulifera,Meroplankton,Meroplankton
Micromesistius poutassou,Meroplankton,Meroplankton
Micromonas,Non_plankton,Non_plankton
Micromonas pusilla,Phytoplankton,Phytoplankton
Microporella ciliata,Meroplankton,Meroplankton
Microsetella,Holoplankton,Copepoda
Microsetella norvegica,Holoplankton,Copepoda
Microspongium,Non_plankton,Non_plankton
Microspongium alariae,Phytoplankton,Phytoplankton
Microspongium stilophorae,Phytoplankton,Phytoplankton
Microstomum,Meroplankton,Meroplankton
Microstomum compositum,Meroplankton,Meroplankton
Microstomus kitt,Meroplankton,Meroplankton
Microstromatales,Non_plankton,Non_plankton
Micrura,Meroplankton,Meroplankton
Micrura fasciolata,Meroplankton,Meroplankton
Micrura varicolor,Meroplankton,Meroplankton
Mictyridae,Non_plankton,Non_plankton
Milichiidae,Non_plankton,Non_plankton
Miridae,Non_plankton,Non_plankton
Mitrocomella,Holoplankton,Cnidaria
Mitrocomella polydiademata,Holoplankton,Cnidaria
Mitrocomidae,Holoplankton,Cnidaria
Mnemiopsis leidyi,Holoplankton,Ctenophora
Modeeria rotunda,Holoplankton,Cnidaria
Modiolula phaseolina,Meroplankton,Meroplankton
Modiolus adriaticus,Meroplankton,Meroplankton
Modiolus modiolus,Meroplankton,Meroplankton
Molva molva,Meroplankton,Meroplankton
Monodopsidaceae,Phytoplankton,Phytoplankton
Monopseudocuma gilsoni,Meroplankton,Meroplankton
Monostilifera,Meroplankton,Meroplankton
Montacutidae,Non_plankton,Non_plankton
Montipora,Holoplankton,Cnidaria
Moritellaceae,Non_plankton,Non_plankton
Mucorales,Non_plankton,Non_plankton
Muggiaea atlantica,Holoplankton,Cnidaria
Munida,Meroplankton,Meroplankton
Munida rugosa,Meroplankton,Meroplankton
Munida sarsi,Meroplankton,Meroplankton
Munida tenuimana,Meroplankton,Meroplankton
Munididae,Meroplankton,Meroplankton
Munnopsidae,Meroplankton,Meroplankton
Muricidae,Meroplankton,Meroplankton
Muscoidea,Non_plankton,Non_plankton
Musculus,Meroplankton,Meroplankton
Musculus subpictus,Meroplankton,Meroplankton
Mya truncata,Meroplankton,Meroplankton
Mycetophila,Non_plankton,Non_plankton
Mycetophilidae,Non_plankton,Non_plankton
Mycetophilinae,Non_plankton,Non_plankton
Mycetophilini,Non_plankton,Non_plankton
Mychonastaceae,Phytoplankton,Non_plankton
Mycobacteriaceae,Non_plankton,Non_plankton
Mycobacteriales,Non_plankton,Non_plankton
Mycosphaerellales,Non_plankton,Non_plankton
Myrianida,Meroplankton,Meroplankton
Myrianida inermis,Meroplankton,Meroplankton
Myriapora truncata,Meroplankton,Meroplankton
Myrionema strangulans,Phytoplankton,Non_plankton
Myriotrochus (Oligotrochus) vitreus,Meroplankton,Meroplankton
Myriotrochus Oligotrochus vitreus,Meroplankton,Meroplankton
Mysidae,Holoplankton,Other
Mysini,Non_plankton,Non_plankton
Mytilida,Meroplankton,Meroplankton
Mytilidae,Meroplankton,Meroplankton
Mytilus,Meroplankton,Meroplankton
Mytilus edulis,Meroplankton,Meroplankton
Mytilus galloprovincialis,Meroplankton,Meroplankton
Mytilus trossulus,Meroplankton,Meroplankton
Nacerdes,Non_plankton,Non_plankton
Naganishia,Non_plankton,Non_plankton
Nannochloropsis limnetica,Phytoplankton,Phytoplankton
Nanomia,Holoplankton,Cnidaria
Nanomia cara,Holoplankton,Cnidaria
Narcomedusae,Holoplankton,Cnidaria
Navicula,Phytoplankton,Phytoplankton
Naviculaceae,Phytoplankton,Phytoplankton
Naviculales,Phytoplankton,Phytoplankton
Neanthes fucata,Meroplankton,Meroplankton
Necora puber,Meroplankton,Meroplankton
Nemaliales,Phytoplankton,Non_plankton
Nematocera,Non_plankton,Non_plankton
Nemertesia,Holoplankton,Cnidaria
Nemertesia ramosa,Holoplankton,Cnidaria
Neocalanus gracilis,Holoplankton,Copepoda
Neoceratium symmetricum,Phytoplankton,Phytoplankton
Neogastropoda,Meroplankton,Meroplankton
Neogyptis rosea,Meroplankton,Meroplankton
Neoleanira tetragona,Meroplankton,Meroplankton
Neomenia carinata,Meroplankton,Meroplankton
Neomphalida,Meroplankton,Meroplankton
Nephropidae,Meroplankton,Meroplankton
Nephrops,Meroplankton,Meroplankton
Nephrops norvegicus,Meroplankton,Meroplankton
Nephtys,Meroplankton,Meroplankton
Nephtys assimilis,Meroplankton,Meroplankton
Nephtys cirrosa,Meroplankton,Meroplankton
Nephtys hombergii,Meroplankton,Meroplankton
Nephtys hystricis,Meroplankton,Meroplankton
Nephtys kersivalensis,Meroplankton,Meroplankton
Nereididae,Meroplankton,Meroplankton
Nereimyra,Meroplankton,Meroplankton
Nereimyra punctata,Meroplankton,Meroplankton
Nereimyra woodsholea,Meroplankton,Meroplankton
Nereis,Meroplankton,Meroplankton
Nereis elitoralis,Meroplankton,Meroplankton
Neritidae,Meroplankton,Meroplankton
Neuroptera,Non_plankton,Non_plankton
Nicolea zostericola,Meroplankton,Meroplankton
Nicrophorus,Non_plankton,Non_plankton
Niphargidae,Holoplankton,Amphipoda
Niphatidae,Meroplankton,Meroplankton
Nitrobacteraceae,Non_plankton,Non_plankton
Nitrosomonadales,Non_plankton,Non_plankton
Nitzschia,Phytoplankton,Phytoplankton
Noctiluca scintillans,Phytoplankton,Phytoplankton
Noctuidae,Non_plankton,Non_plankton
Noctuoidea,Non_plankton,Non_plankton
Nothophytophthora,Non_plankton,Non_plankton
Nothria conchylega,Meroplankton,Meroplankton
Notocotylidae,Non_plankton,Non_plankton
Notodelphyidae,Holoplankton,Copepoda
Notodontidae,Non_plankton,Non_plankton
Nudibranchia,Meroplankton,Meroplankton
Nusuttodinium,Phytoplankton,Non_plankton
Nyctiphanes couchii,Holoplankton,Euphausiidae
Nymphalidae,Non_plankton,Non_plankton
Obelia,Holoplankton,Cnidaria
Obelia dichotoma,Holoplankton,Cnidaria
Obelia geniculata,Holoplankton,Cnidaria
Obelia longissima,Holoplankton,Cnidaria
Obeliidae,Holoplankton,Cnidaria
Obtusella intersecta,Meroplankton,Meroplankton
Obtusoecia,Holoplankton,Ostracoda
Obtusoecia antarctica,Holoplankton,Ostracoda
Oceanospirillales,Non_plankton,Non_plankton
Octactis speculum,Phytoplankton,Phytoplankton
Odonata,Non_plankton,Non_plankton
Odontella regia,Phytoplankton,Phytoplankton
Odonthalia dentata,Phytoplankton,Phytoplankton
Odontoceti,Non_plankton,Non_plankton
Odostomia,Meroplankton,Meroplankton
Odostomia turrita,Meroplankton,Meroplankton
Oecophoridae,Non_plankton,Non_plankton
Oedicerotidae,Holoplankton,Amphipoda
Oegopsida,Meroplankton,Meroplankton
Oithona,Holoplankton,Copepoda
Oithona atlantica,Holoplankton,Oithona
Oithona nana,Holoplankton,Oithona
Oithona similis,Holoplankton,Oithona
Oithonidae,Holoplankton,Copepoda
Okenia,Meroplankton,Meroplankton
Okenia aspersa,Meroplankton,Meroplankton
Okenia nodosa,Meroplankton,Meroplankton
Olividae,Non_plankton,Non_plankton
Oncaea,Holoplankton,Copepoda
Oncaea curta,Holoplankton,Copepoda
Oncaea mediterranea,Holoplankton,Copepoda
Oncaea waldemari,Holoplankton,Copepoda
Oncaeidae,Holoplankton,Copepoda
Onchidoris bilamellata,Meroplankton,Meroplankton
Onchidoris muricata,Meroplankton,Meroplankton
Onchoproteocephalidea,Non_plankton,Non_plankton
Onoba semicostata,Meroplankton,Meroplankton
Onychiuroides,Non_plankton,Non_plankton
Onygenales,Non_plankton,Non_plankton
Oomycota,Non_plankton,Non_plankton
Ophiacantha abyssicola,Meroplankton,Meroplankton
Ophiactis abyssicola,Meroplankton,Meroplankton
Ophiactis balli,Meroplankton,Meroplankton
Ophiocomina nigra,Meroplankton,Meroplankton
Ophiocordycipitaceae,Non_plankton,Non_plankton
Ophiocten affinis,Meroplankton,Meroplankton
Ophiocten gracilis,Meroplankton,Meroplankton
Ophiopholis aculeata,Meroplankton,Meroplankton
Ophioscolecida,Meroplankton,Meroplankton
Ophioscolex glacialis,Meroplankton,Meroplankton
Ophiostomataceae,Non_plankton,Non_plankton
Ophiothrix fragilis,Meroplankton,Meroplankton
Ophiura,Meroplankton,Meroplankton
Ophiura albida,Meroplankton,Meroplankton
Ophiura Dictenophiura carnea,Meroplankton,Meroplankton
Ophiura ophiura,Meroplankton,Meroplankton
Ophiura robusta,Meroplankton,Meroplankton
Ophiura sarsii,Meroplankton,Meroplankton
Ophiuridae,Meroplankton,Meroplankton
Oratosquilla,Meroplankton,Meroplankton
Orbinia sertulata,Meroplankton,Meroplankton
Orchomenella obtusa,Holoplankton,Amphipoda
Orculidae,Meroplankton,Meroplankton
Oregoniidae,Meroplankton,Meroplankton
Oridorsalis umbonatus,Non_plankton,Non_plankton
Orthalicidae,Meroplankton,Meroplankton
Orthoptera,Non_plankton,Non_plankton
Orthopyxis integra,Holoplankton,Cnidaria
Oscarellidae,Meroplankton,Meroplankton
Osteoglossiformes,Meroplankton,Meroplankton
Ostreida,Meroplankton,Meroplankton
Ostropales,Non_plankton,Non_plankton
Ovactis brasiliensis,Meroplankton,Meroplankton
Ovis aries,Non_plankton,Non_plankton
Owenia fusiformis,Meroplankton,Meroplankton
Oweniidae,Meroplankton,Meroplankton
Oxalobacteraceae,Non_plankton,Non_plankton
Oxypolia beaumontiana,Meroplankton,Meroplankton
Paederinae,Non_plankton,Non_plankton
Pagophilus groenlandicus,Non_plankton,Non_plankton
Paguridae,Meroplankton,Meroplankton
Paguroidea,Non_plankton,Non_plankton
Pagurus,Meroplankton,Meroplankton
Pagurus bernhardus,Meroplankton,Meroplankton
Pagurus cuanensis,Meroplankton,Meroplankton
Pagurus prideaux,Meroplankton,Meroplankton
Pagurus pubescens,Meroplankton,Meroplankton
Palio dubia,Meroplankton,Meroplankton
Palio nothus,Meroplankton,Meroplankton
Palliolum,Meroplankton,Meroplankton
Palliolum tigerinum,Meroplankton,Meroplankton
Palmaria palmata,Phytoplankton,Phytoplankton
Palmariaceae,Non_plankton,Non_plankton
Pandalidae,Meroplankton,Meroplankton
Pandalina,Meroplankton,Meroplankton
Pandalina brevirostris,Meroplankton,Meroplankton
Pandalus,Meroplankton,Meroplankton
Pandalus borealis,Meroplankton,Meroplankton
Pandalus eous,Meroplankton,Meroplankton
Pandalus jordani,Meroplankton,Meroplankton
Pandalus montagui,Meroplankton,Meroplankton
Pandeidae,Holoplankton,Cnidaria
Panningia hyndmani,Meroplankton,Meroplankton
Panomya norvegica,Meroplankton,Meroplankton
Papilionidae,Non_plankton,Non_plankton
Papillicardium minimum,Meroplankton,Meroplankton
Paracalanidae,Holoplankton,Copepoda
Paracalanus,Holoplankton,Copepoda
Paracalanus parvus parvus,Holoplankton,Copepoda
Paracalanus quasimodo,Holoplankton,Copepoda
Paracentrotus lividus,Meroplankton,Meroplankton
Paracoccaceae,Non_plankton,Non_plankton
Paradiopatra quadricuspis,Meroplankton,Meroplankton
Paraeuchaeta,Holoplankton,Copepoda
Paraeuchaeta hebes,Holoplankton,Copepoda
Paraeuchaeta norvegica,Holoplankton,Copepoda
Paragorgia,Meroplankton,Meroplankton
Parajassa pelagica,Holoplankton,Amphipoda
Paraleptopentacta elongata,Meroplankton,Meroplankton
Paramoeba,Non_plankton,Non_plankton
Paramoeba perurans,Non_plankton,Non_plankton
Paramphinome,Meroplankton,Meroplankton
Paramphinome jeffreysii,Meroplankton,Meroplankton
Paramuricea macrospina,Meroplankton,Meroplankton
Paramyia,Non_plankton,Non_plankton
Parasagitta,Holoplankton,Chaetognatha
Parasagitta elegans,Holoplankton,Chaetognatha
Parasagitta setosa,Holoplankton,Chaetognatha
Parastichopus tremulus,Meroplankton,Meroplankton
Parateclaia norvegica,Holoplankton,Cnidaria
Parathalestris clausi,Holoplankton,Copepoda
Parathalestris croni,Holoplankton,Copepoda
Parathalestris harpactoides,Holoplankton,Copepoda
Paravannella minima,Non_plankton,Non_plankton
Parengyodontium,Non_plankton,Non_plankton
Parengyodontium album,Non_plankton,Non_plankton
Parthenina interstincta,Meroplankton,Meroplankton
Partula,Non_plankton,Non_plankton
Partulidae,Meroplankton,Meroplankton
Pasiphaea,Meroplankton,Meroplankton
Pasiphaea multidentata,Meroplankton,Meroplankton
Pasiphaea sivado,Meroplankton,Meroplankton
Pasiphaea tarda,Meroplankton,Meroplankton
Pasiphaeidae,Meroplankton,Meroplankton
Passeriformes,Non_plankton,Non_plankton
Paucibranchia bellii,Meroplankton,Meroplankton
Pecten maximus,Meroplankton,Meroplankton
Pectinida,Meroplankton,Meroplankton
Pectinidae,Meroplankton,Meroplankton
Pelagomonas calceolata,Phytoplankton,Phytoplankton
Peltogaster curvata,Meroplankton,Meroplankton
Peltogaster paguri,Non_plankton,Non_plankton
Penicillium,Non_plankton,Non_plankton
Penicillium canescens,Non_plankton,Non_plankton
Penicillium chrysogenum,Non_plankton,Non_plankton
Penicillium digitatum,Non_plankton,Non_plankton
Penicillium waksmanii,Non_plankton,Non_plankton
Pentamera,Meroplankton,Meroplankton
Perciformes,Meroplankton,Meroplankton
Peridiniaceae,Phytoplankton,Phytoplankton
Peridinium inconspicuum,Phytoplankton,Phytoplankton
Peringia ulvae,Meroplankton,Meroplankton
Periphylla periphylla,Holoplankton,Cnidaria
Periphyllidae,Holoplankton,Cnidaria
Peronosporaceae,Non_plankton,Non_plankton
Peronosporales,Non_plankton,Non_plankton
Perophora sagamiensis,Phytoplankton,Non_plankton
Petalonia fascia,Phytoplankton,Phytoplankton
Petrolisthes,Meroplankton,Meroplankton
Peyssonnelia,Phytoplankton,Phytoplankton
Peyssonnelia rubra,Phytoplankton,Phytoplankton
Peyssonneliaceae,Phytoplankton,Phytoplankton
Peyssonneliales,Phytoplankton,Non_plankton
Pfiesteria piscicida,Phytoplankton,Phytoplankton
Phaeocystaceae,Phytoplankton,Phytoplankton
Phaeocystales,Non_plankton,Non_plankton
Phaeocystis,Phytoplankton,Phytoplankton
Phaeocystis globosa,Phytoplankton,Phytoplankton
Phaeodactylum tricornutum,Phytoplankton,Phytoplankton
Phalacrocorax carbo,Non_plankton,Non_plankton
Phallusia ingeria,Meroplankton,Meroplankton
Pharidae,Meroplankton,Meroplankton
Phaxas pellucidus,Meroplankton,Meroplankton
Philine,Meroplankton,Meroplankton
Philine quadripartita,Meroplankton,Meroplankton
Philinidae,Meroplankton,Meroplankton
Philinissima denticulata,Meroplankton,Meroplankton
Philocheras,Meroplankton,Meroplankton
Philocheras bispinosus,Meroplankton,Meroplankton
Philocheras echinulatus,Meroplankton,Meroplankton
Phlebobranchia,Meroplankton,Meroplankton
Phocoena,Non_plankton,Non_plankton
Phocoena phocoena,Non_plankton,Non_plankton
Pholas dactylus,Meroplankton,Meroplankton
Pholidoskepia,Non_plankton,Non_plankton
Pholoe assimilis,Meroplankton,Meroplankton
Pholoe baltica,Meroplankton,Meroplankton
Phoridae,Non_plankton,Non_plankton
Phoronis muelleri,Meroplankton,Meroplankton
Phoronis pallida,Meroplankton,Meroplankton
Photidae,Holoplankton,Amphipoda
Photis,Holoplankton,Amphipoda
Phycodrys rubens,Phytoplankton,Phytoplankton
Phyllobacteriaceae,Non_plankton,Non_plankton
Phyllodoce,Meroplankton,Meroplankton
Phyllodoce groenlandica,Meroplankton,Meroplankton
Phyllodoce lineata,Meroplankton,Meroplankton
Phyllodoce maculata,Meroplankton,Meroplankton
Phyllodoce madeirensis,Meroplankton,Meroplankton
Phyllodoce mucosa,Meroplankton,Meroplankton
Phyllodoce rosea,Meroplankton,Meroplankton
Phyllodocida,Meroplankton,Meroplankton
Phyllodocidae,Meroplankton,Meroplankton
Phyllophora pseudoceranoïdes,Phytoplankton,Phytoplankton
Phylo,Meroplankton,Meroplankton
Phylo norvegica,Meroplankton,Meroplankton
Phymatolithon,Phytoplankton,Non_plankton
Phymatolithon purpureum,Phytoplankton,Phytoplankton
Physophora hydrostatica,Holoplankton,Cnidaria
Phytocoris,Non_plankton,Non_plankton
Phytomyptera,Non_plankton,Non_plankton
Phytomyzinae,Non_plankton,Non_plankton
Phytophthora,Non_plankton,Non_plankton
Phytopythium,Non_plankton,Non_plankton
Phytoseiidae,Non_plankton,Non_plankton
Pilumnidae,Meroplankton,Meroplankton
Pilumnus hirtellus,Meroplankton,Meroplankton
Pinalitus atomarius,Non_plankton,Non_plankton
Pinnularia,Phytoplankton,Phytoplankton
Pipistrellus pygmaeus,Non_plankton,Non_plankton
Pipunculidae,Non_plankton,Non_plankton
Pirimela,Meroplankton,Meroplankton
Pirimela denticulata,Meroplankton,Meroplankton
Pisidia,Meroplankton,Meroplankton
Pisidia longicornis,Meroplankton,Meroplankton
Pisione remota,Meroplankton,Meroplankton
Pista cristata,Meroplankton,Meroplankton
Placida dendritica,Meroplankton,Meroplankton
Plagiorchiida,Meroplankton,Meroplankton
Planorbidae,Meroplankton,Meroplankton
Planosiphon,Phytoplankton,Phytoplankton
Plantaginaceae,Non_plankton,Non_plankton
Platichthys flesus,Meroplankton,Meroplankton
Platygastridae,Non_plankton,Non_plankton
Platypleura,Non_plankton,Non_plankton
Platyrrhini,Non_plankton,Non_plankton
Plecoptera,Non_plankton,Non_plankton
Pleocyemata,Meroplankton,Meroplankton
Pleopis polyphemoides,Holoplankton,Cladocera
Pleurobrachia pileus,Holoplankton,Ctenophora
Pleurobranchus membranaceus,Meroplankton,Meroplankton
Pleuromamma gracilis gracilis,Holoplankton,Copepoda
Pleuromamma robusta robusta,Holoplankton,Copepoda
Pleuronectes platessa,Meroplankton,Meroplankton
Pleurosigmataceae,Phytoplankton,Non_plankton
Plocamiales,Non_plankton,Non_plankton
Plocamium,Phytoplankton,Non_plankton
Plocamium lyngbyanum,Phytoplankton,Phytoplankton
Ploima,Holoplankton,Other
Plotocnide borealis,Holoplankton,Cnidaria
Plumaria plumosa,Phytoplankton,Non_plankton
Plumulariidae,Holoplankton,Cnidaria
Pneumodermatidae,Meroplankton,Meroplankton
Poaceae,Non_plankton,Non_plankton
Pocillopora,Non_plankton,Non_plankton
Pocilloporidae,Holoplankton,Cnidaria
Pococera,Non_plankton,Non_plankton
Podocoryna,Holoplankton,Cnidaria
Podocoryna areolata,Holoplankton,Cnidaria
Podocoryna borealis,Holoplankton,Cnidaria
Podon intermedius,Holoplankton,Cladocera
Podon leuckartii,Holoplankton,Cladocera
Podosira stelligera,Phytoplankton,Non_plankton
Poduromorpha,Non_plankton,Non_plankton
Poecilochaetus serpens,Meroplankton,Meroplankton
Poecilosclerida,Meroplankton,Meroplankton
Pogotrichum filiforme,Phytoplankton,Non_plankton
Polititapes rhomboides,Meroplankton,Meroplankton
Pollachius pollachius,Meroplankton,Meroplankton
Pollachius virens,Meroplankton,Meroplankton
Polybiidae,Meroplankton,Meroplankton
Polybius depurator,Meroplankton,Meroplankton
Polybius holsatus,Meroplankton,Meroplankton
Polybius marmoreus,Meroplankton,Meroplankton
Polybius navigator,Meroplankton,Meroplankton
Polybius pusillus,Meroplankton,Meroplankton
Polybrachiorhynchidae,Meroplankton,Meroplankton
Polycarpa pomaria,Phytoplankton,Phytoplankton
Polycera norvegica,Meroplankton,Meroplankton
Polycera quadrilineata,Meroplankton,Meroplankton
Polychaeta,Meroplankton,Meroplankton
Polycirrus arcticus,Meroplankton,Meroplankton
Polycirrus norvegicus,Meroplankton,Meroplankton
Polydesmida,Non_plankton,Non_plankton
Polydora,Meroplankton,Meroplankton
Polydora onagawaensis,Meroplankton,Meroplankton
Polygordiidae,Meroplankton,Meroplankton
Polygordius appendiculatus,Meroplankton,Meroplankton
Polygordius lacteus,Meroplankton,Meroplankton
Polymastiidae,Meroplankton,Meroplankton
Polynoidae,Meroplankton,Meroplankton
Polyphaga,Non_plankton,Non_plankton
Polyporales,Non_plankton,Non_plankton
Polysiphonia atlantica,Phytoplankton,Phytoplankton
Polysiphonia stricta,Phytoplankton,Phytoplankton
Pomatiidae,Meroplankton,Meroplankton
Ponerini,Non_plankton,Non_plankton
Pontellidae,Holoplankton,Copepoda
Pontophilus,Meroplankton,Meroplankton
Pontophilus norvegicus,Meroplankton,Meroplankton
Pontophilus spinosus,Meroplankton,Meroplankton
Porania Porania pulvillus,Meroplankton,Meroplankton
Porcellio,Meroplankton,Meroplankton
Porphyra,Phytoplankton,Phytoplankton
Porphyra umbilicalis,Phytoplankton,Phytoplankton
Portunidae,Meroplankton,Meroplankton
Potamidae,Meroplankton,Meroplankton
Praon,Non_plankton,Non_plankton
Primates,Non_plankton,Non_plankton
Primnoa pacifica,Meroplankton,Meroplankton
Primnoidae,Holoplankton,Cnidaria
Prionospio,Meroplankton,Meroplankton
Prionospio cirrifera,Meroplankton,Meroplankton
Prionospio dubia,Meroplankton,Meroplankton
Prionospio fallax,Meroplankton,Meroplankton
Prionospio plumosa,Meroplankton,Meroplankton
Processa,Meroplankton,Meroplankton
Processa modica,Meroplankton,Meroplankton
Processa nouveli,Meroplankton,Meroplankton
Processidae,Meroplankton,Meroplankton
Prorocentraceae,Phytoplankton,Phytoplankton
Prorocentrales,Phytoplankton,Non_plankton
Prorocentrum,Phytoplankton,Non_plankton
Prorocentrum lima,Phytoplankton,Phytoplankton
Prorocentrum micans,Phytoplankton,Phytoplankton
Protentomidae,Non_plankton,Non_plankton
Protichneumon jesperi,Non_plankton,Non_plankton
Protodinium simplex,Phytoplankton,Phytoplankton
Protodrilus,Meroplankton,Meroplankton
Protoptilum carpenterii,Meroplankton,Meroplankton
Protula pacifica,Meroplankton,Meroplankton
Proxenus lepigone,Non_plankton,Non_plankton
Prymnesiaceae,Phytoplankton,Non_plankton
Prymnesiales,Phytoplankton,Non_plankton
Psammechinus miliaris,Meroplankton,Meroplankton
Psathyrellaceae,Non_plankton,Non_plankton
Pseudamussium peslutrae,Meroplankton,Meroplankton
Pseudeurotiaceae,Non_plankton,Non_plankton
Pseudo-nitzschia,Phytoplankton,Phytoplankton
Pseudo-nitzschia delicatissima,Phytoplankton,Phytoplankton
Pseudo-nitzschia plurisecta,Phytoplankton,Phytoplankton
Pseudo-nitzschia pungens,Phytoplankton,Phytoplankton
Pseudoalteromonadaceae,Non_plankton,Non_plankton
Pseudoalteromonas,Non_plankton,Non_plankton
Pseudocalanus,Holoplankton,Copepoda
Pseudocalanus acuspes,Holoplankton,Pseudocalanus
Pseudocalanus elongatus,Holoplankton,Pseudocalanus
Pseudocalanus major,Holoplankton,Pseudocalanus
Pseudocalanus mimus,Holoplankton,Pseudocalanus
Pseudocalanus minutus,Holoplankton,Pseudocalanus
Pseudocalanus moultoni,Holoplankton,Pseudocalanus
Pseudocalanus newmani,Holoplankton,Copepoda
Pseudochattonella farcimen,Phytoplankton,Phytoplankton
Pseudocumatidae,Holoplankton,Other
Pseudogymnoascus,Non_plankton,Non_plankton
Pseudomicrura afzelii,Meroplankton,Meroplankton
Pseudomonadaceae,Non_plankton,Non_plankton
Pseudomonadales,Non_plankton,Non_plankton
Pseudomonas,Non_plankton,Non_plankton
Pseudonitzschia multiseries,Phytoplankton,Phytoplankton
Pseudopolydora,Meroplankton,Meroplankton
Pseudosagitta lyra,Holoplankton,Chaetognatha
Pseudoscourfieldia marina,Non_plankton,Non_plankton
Pseudothyone raphanus,Meroplankton,Meroplankton
Psilaster,Meroplankton,Meroplankton
Psilaster acuminatus,Non_plankton,Non_plankton
Psilaster andromeda,Non_plankton,Non_plankton
Psocodea,Non_plankton,Non_plankton
Psolus phantapus,Meroplankton,Meroplankton
Psychodidae,Non_plankton,Non_plankton
Psyllidae,Non_plankton,Non_plankton
Pterogorgia,Non_plankton,Non_plankton
Pteromalidae,Non_plankton,Non_plankton
Pteropoda,Meroplankton,Meroplankton
Pterothamnion plumula,Phytoplankton,Phytoplankton
Ptilota gunneri,Phytoplankton,Phytoplankton
Ptychogastria,Holoplankton,Cnidaria
Ptychogastria polaris,Holoplankton,Cnidaria
Ptychogena,Holoplankton,Cnidaria
Ptychogena crocea,Holoplankton,Cnidaria
Punctaria,Non_plankton,Non_plankton
Purpureocillium lilacinum,Non_plankton,Non_plankton
Pusillina,Meroplankton,Meroplankton
Pusillina inconspicua,Meroplankton,Meroplankton
Pycnococcaceae,Non_plankton,Non_plankton
Pycnococcus provasolii,Phytoplankton,Phytoplankton
Pylaiella littoralis,Phytoplankton,Phytoplankton
Pylaiella washingtoniensis,Phytoplankton,Phytoplankton
Pyraloidea,Non_plankton,Non_plankton
Pyramimonadales,Non_plankton,Non_plankton
Pyrenomonadaceae,Non_plankton,Non_plankton
Pyrenomonadales,Non_plankton,Non_plankton
Pyrgisculus jeffreysii,Meroplankton,Meroplankton
Pyrgiscus rufescens,Meroplankton,Meroplankton
Pyripora catenularia,Meroplankton,Meroplankton
Pyropia,Non_plankton,Non_plankton
Pyropia haitanensis,Non_plankton,Non_plankton
Pyrunculus ovatus,Meroplankton,Meroplankton
Pythiaceae,Non_plankton,Non_plankton
Pythiales,Non_plankton,Non_plankton
Pythium,Non_plankton,Non_plankton
Ralfsiales,Phytoplankton,Non_plankton
Raniceps raninus,Meroplankton,Meroplankton
Raphitoma,Meroplankton,Meroplankton
Raphitomidae,Meroplankton,Meroplankton
Raspailiidae,Meroplankton,Meroplankton
Rathkea,Holoplankton,Cnidaria
Rathkea octopunctata,Holoplankton,Cnidaria
Rathkeidae,Holoplankton,Cnidaria
Reesa vespulae,Non_plankton,Non_plankton
Reptadeonella violacea,Meroplankton,Meroplankton
Retusa umbilicata,Meroplankton,Meroplankton
Rhabditida,Non_plankton,Non_plankton
Rhabdopleuroidea,Non_plankton,Non_plankton
Rhincalanus nasutus,Holoplankton,Copepoda
Rhinobothriidae,Meroplankton,Meroplankton
Rhizobiaceae,Non_plankton,Non_plankton
Rhizobiales,Non_plankton,Non_plankton
Rhizorhagium roseum,Holoplankton,Cnidaria
Rhizosolenia delicatula,Phytoplankton,Phytoplankton
Rhizosoleniaceae,Phytoplankton,Phytoplankton
Rhizosoleniales,Phytoplankton,Non_plankton
Rhizostomatidae,Non_plankton,Non_plankton
Rhizostomeae,Holoplankton,Cnidaria
Rhizothrix minuta,Holoplankton,Copepoda
Rhodobacterales,Non_plankton,Non_plankton
Rhodochorton,Phytoplankton,Phytoplankton
Rhodochortonaceae,Phytoplankton,Phytoplankton
Rhodogorgonales,Phytoplankton,Non_plankton
Rhodomela,Phytoplankton,Non_plankton
Rhodomelaceae,Phytoplankton,Phytoplankton
Rhodophysema georgei,Phytoplankton,Phytoplankton
Rhodospirillales,Non_plankton,Non_plankton
Rhodothamniella floridula,Phytoplankton,Phytoplankton
Rhodotorula,Non_plankton,Non_plankton
Rhodymenia ardissonei,Phytoplankton,Phytoplankton
Rhodymeniales,Non_plankton,Non_plankton
Rhopalonematidae,Holoplankton,Cnidaria
Rhopalosomatidae,Non_plankton,Non_plankton
Rhynchobdellida,Non_plankton,Non_plankton
Rhynchosporium,Non_plankton,Non_plankton
Ricinulei,Non_plankton,Non_plankton
Rickettsiales,Non_plankton,Non_plankton
Ripella,Non_plankton,Non_plankton
Rissoa membranacea,Meroplankton,Meroplankton
Rissoa parva,Meroplankton,Meroplankton
Rissoidae,Meroplankton,Meroplankton
Robustosergia robusta,Meroplankton,Meroplankton
Rodentia,Non_plankton,Non_plankton
Roseobacteraceae,Non_plankton,Non_plankton
Rotundoecia teretivalvata,Holoplankton,Ostracoda
Roxania utriculus,Meroplankton,Meroplankton
Rubrointrusa membranacea,Phytoplankton,Phytoplankton
Russulales,Non_plankton,Non_plankton
Sabellaria spinulosa,Meroplankton,Meroplankton
Sabellida,Meroplankton,Meroplankton
Sabellidae,Meroplankton,Meroplankton
Saccharina latissima,Phytoplankton,Phytoplankton
Saccharomyces cerevisiae,Non_plankton,Non_plankton
Saccharomycetales,Non_plankton,Non_plankton
Sagartiidae,Meroplankton,Meroplankton
Sagitta,Holoplankton,Chaetognatha
Sagittidae,Holoplankton,Chaetognatha
Salmo salar,Meroplankton,Meroplankton
Salmo trutta,Meroplankton,Meroplankton
Saprolegnia,Non_plankton,Non_plankton
Saprolegniaceae,Non_plankton,Non_plankton
Saprolegniales,Non_plankton,Non_plankton
Sarcophagidae,Non_plankton,Non_plankton
Sarcoptiformes,Non_plankton,Non_plankton
Sargassaceae,Phytoplankton,Phytoplankton
Sargassum,Phytoplankton,Phytoplankton
Sarsia,Holoplankton,Cnidaria
Sarsia lovenii,Holoplankton,Cnidaria
Sarsia striata,Holoplankton,Cnidaria
Sarsia tubulosa,Holoplankton,Cnidaria
Saturniidae,Non_plankton,Non_plankton
Saxicavella jeffreysi,Meroplankton,Meroplankton
Scagelia pylaisaei,Phytoplankton,Non_plankton
Scalpellidae,Meroplankton,Meroplankton
Scalpellomorpha,Meroplankton,Meroplankton
Scalpellum scalpellum,Meroplankton,Meroplankton
Scaphander lignarius,Meroplankton,Meroplankton
Scaphander punctostriatus,Meroplankton,Meroplankton
Scaphocalanus,Holoplankton,Copepoda
Scaptomyza,Non_plankton,Non_plankton
Scarabaeidae,Non_plankton,Non_plankton
Scelionidae,Non_plankton,Non_plankton
Schistomeringos,Meroplankton,Meroplankton
Schistomysis kervillei,Holoplankton,Other
Schizomida,Non_plankton,Non_plankton
Sciaridae,Non_plankton,Non_plankton
Sciaroidea,Non_plankton,Non_plankton
Scina,Holoplankton,Amphipoda
Scina borealis,Holoplankton,Amphipoda
Scinidae,Holoplankton,Amphipoda
Scleractinia,Meroplankton,Meroplankton
Scleralcyonacea,Meroplankton,Meroplankton
Scolecithricella,Holoplankton,Copepoda
Scolecithricella dentata,Holoplankton,Copepoda
Scolecithricella minor minor,Holoplankton,Copepoda
Scolecitrichidae,Holoplankton,Copepoda
Scolelepis,Meroplankton,Meroplankton
Scolelepis bonnieri,Meroplankton,Meroplankton
Scolelepis korsuni,Meroplankton,Meroplankton
Scolelepis Scolelepis foliosa,Meroplankton,Meroplankton
Scolelepis Scolelepis neglecta,Meroplankton,Meroplankton
Scolelepis Scolelepis squamata,Meroplankton,Meroplankton
Scoletoma,Meroplankton,Meroplankton
Scoletoma fragilis,Meroplankton,Meroplankton
Scomber scombrus,Meroplankton,Meroplankton
Scopalinida,Meroplankton,Meroplankton
Scophthalmus maximus,Meroplankton,Meroplankton
Scorpiones,Non_plankton,Non_plankton
Scorpionidae,Non_plankton,Non_plankton
Scraptiidae,Non_plankton,Non_plankton
Scrippsiella,Phytoplankton,Phytoplankton
Scrippsiella acuminata,Phytoplankton,Phytoplankton
Scruparia ambigua,Meroplankton,Meroplankton
Scrupocellaria scruposa,Meroplankton,Meroplankton
Scytosiphon,Phytoplankton,Phytoplankton
Scytosiphonaceae,Phytoplankton,Phytoplankton
Sebdeniales,Phytoplankton,Non_plankton
Sellaphora,Phytoplankton,Phytoplankton
Sellaphoraceae,Non_plankton,Non_plankton
Semaeostomeae,Holoplankton,Cnidaria
Semibalanus,Meroplankton,Meroplankton
Semibalanus balanoides,Meroplankton,Meroplankton
Sericostomatoidea,Non_plankton,Non_plankton
Serpulidae,Meroplankton,Meroplankton
Sertularia,Holoplankton,Cnidaria
Sertularia argentea,Holoplankton,Cnidaria
Sertularia cupressina,Holoplankton,Cnidaria
Sertulariidae,Non_plankton,Non_plankton
Sesarmidae,Non_plankton,Non_plankton
Sicariidae,Non_plankton,Non_plankton
Sige fusigera,Meroplankton,Meroplankton
Signiphoridae,Non_plankton,Non_plankton
Simuliidae,Non_plankton,Non_plankton
Simuliinae,Non_plankton,Non_plankton
Simulium,Non_plankton,Non_plankton
Siphonaptera,Non_plankton,Non_plankton
Siphonenteron bilineatum,Meroplankton,Meroplankton
Siphonophorae,Holoplankton,Cnidaria
Siphonostomatoida,Holoplankton,Copepoda
Sipunculidae,Meroplankton,Meroplankton
Sipunculus Sipunculus norvegicus,Meroplankton,Meroplankton
Sirsoe,Meroplankton,Meroplankton
Skeletonema,Phytoplankton,Phytoplankton
Skeletonema dohrnii,Phytoplankton,Phytoplankton
Skeletonema japonicum,Phytoplankton,Phytoplankton
Skeletonemataceae,Phytoplankton,Non_plankton
Skolelepsis foliosa,Meroplankton,Meroplankton
Smicroplectrus,Non_plankton,Non_plankton
Smicroplectrus excisus,Non_plankton,Non_plankton
Smittipora cordiformis,Meroplankton,Meroplankton
Solaster endeca,Meroplankton,Meroplankton
Solidosagitta planctonis,Holoplankton,Chaetognatha
Sollasella,Meroplankton,Meroplankton
Sonderophycus,Phytoplankton,Non_plankton
Sparassidae,Non_plankton,Non_plankton
Spariformes,Meroplankton,Meroplankton
Spatangoida,Meroplankton,Meroplankton
Spatangus,Meroplankton,Meroplankton
Spatangus multispinus,Meroplankton,Meroplankton
Spatangus purpureus,Meroplankton,Meroplankton
Spatangus raschi,Meroplankton,Meroplankton
Spermatochnus paradoxus,Phytoplankton,Phytoplankton
Spermothamnion repens,Phytoplankton,Phytoplankton
Sphacelaria cirrosa,Phytoplankton,Phytoplankton
Sphacelariaceae,Phytoplankton,Non_plankton
Sphacelariales,Phytoplankton,Non_plankton
Sphacelorbus nanus,Phytoplankton,Non_plankton
Sphaerodorum gracilis,Meroplankton,Meroplankton
Sphaeronectes,Holoplankton,Cnidaria
Sphaeronectes fragilis,Holoplankton,Cnidaria
Sphaeronectes irregularis,Holoplankton,Cnidaria
Sphingidae,Non_plankton,Non_plankton
Sphingomonadaceae,Non_plankton,Non_plankton
Sphingomonadales,Non_plankton,Non_plankton
Spinocalanus,Holoplankton,Copepoda
Spinocalanus brevicaudatus,Holoplankton,Copepoda
Spinocalanus longicornis,Holoplankton,Copepoda
Spio,Meroplankton,Meroplankton
Spio armata,Meroplankton,Meroplankton
Spio decorata,Meroplankton,Meroplankton
Spio filicornis,Meroplankton,Meroplankton
Spio goniocephala,Meroplankton,Meroplankton
Spio symphyta,Meroplankton,Meroplankton
Spionida,Non_plankton,Non_plankton
Spionidae,Meroplankton,Meroplankton
Spiophanes,Meroplankton,Meroplankton
Spiophanes bombyx,Meroplankton,Meroplankton
Spiophanes kroyeri,Meroplankton,Meroplankton
Spiophanes wigleyi,Meroplankton,Meroplankton
Spirastrellidae,Meroplankton,Meroplankton
Spirillales,Non_plankton,Non_plankton
Spirobranchus triqueter,Meroplankton,Meroplankton
Spirontocaris,Meroplankton,Meroplankton
Spirontocaris liljeborgii,Meroplankton,Meroplankton
Spirontocaris spinus,Meroplankton,Meroplankton
Spisula elliptica,Meroplankton,Meroplankton
Spisula subtruncata,Meroplankton,Meroplankton
Spongillida,Meroplankton,Meroplankton
Spongonema tomentosum,Phytoplankton,Phytoplankton
Sporidiobolaceae,Non_plankton,Non_plankton
Sporobolomyces,Non_plankton,Non_plankton
Sporochnales,Phytoplankton,Non_plankton
Sprattus sprattus,Meroplankton,Meroplankton
Squamamoeba japonica,Phytoplankton,Non_plankton
Squamata,Non_plankton,Non_plankton
Staphylinoidea,Non_plankton,Non_plankton
Staurostoma mertensii,Holoplankton,Cnidaria
Stelligera stuposa,Meroplankton,Meroplankton
Stephanauge nexilis,Meroplankton,Meroplankton
Stephanodiscaceae,Phytoplankton,Phytoplankton
Stephanodiscales,Phytoplankton,Non_plankton
Stephanodiscus,Phytoplankton,Non_plankton
Stephanopyxis turris,Phytoplankton,Non_plankton
Sterechinus neumayeri,Meroplankton,Meroplankton
Steromphala cineraria,Meroplankton,Meroplankton
Steromphala tumida,Meroplankton,Meroplankton
Sthenelais,Meroplankton,Meroplankton
Sthenelais boa,Meroplankton,Meroplankton
Sthenelais jeffreysi,Meroplankton,Meroplankton
Sthenelais limicola,Meroplankton,Meroplankton
Stictyosiphon soriferus,Phytoplankton,Phytoplankton
Stilophora,Phytoplankton,Non_plankton
Stolidobranchia,Meroplankton,Meroplankton
Stomopneustoida,Meroplankton,Meroplankton
Stomphia,Meroplankton,Meroplankton
Stomphia coccinea,Meroplankton,Meroplankton
Stramonita,Meroplankton,Meroplankton
Strepsicrates,Non_plankton,Non_plankton
Strepsiptera,Non_plankton,Non_plankton
Striaria attenuata,Phytoplankton,Non_plankton
Strigeidae,Non_plankton,Non_plankton
Stromboidea,Meroplankton,Meroplankton
Strongylocentrotidae,Meroplankton,Meroplankton
Strongylocentrotus,Meroplankton,Meroplankton
Strongylocentrotus droebachiensis,Meroplankton,Meroplankton
Stylommatophora,Non_plankton,Non_plankton
Stylonematales,Non_plankton,Non_plankton
Stypocaulaceae,Phytoplankton,Phytoplankton
Subadyte pellucida,Meroplankton,Meroplankton
Suberitidae,Meroplankton,Meroplankton
Subeucalanus,Holoplankton,Copepoda
Subeucalanus crassus,Holoplankton,Copepoda
Subulinidae,Meroplankton,Meroplankton
Suessiales,Non_plankton,Non_plankton
Sulcospira,Meroplankton,Meroplankton
Sulfitobacter,Non_plankton,Non_plankton
Sulfitobacter pontiacus,Non_plankton,Non_plankton
Sundstroemia setigera,Phytoplankton,Phytoplankton
Sus scrofa,Non_plankton,Non_plankton
Sycophila flavicollis,Non_plankton,Non_plankton
Sydowia polyspora,Non_plankton,Non_plankton
Syllidia,Meroplankton,Meroplankton
Syllis armillaris,Meroplankton,Meroplankton
Syllis gerlachi,Meroplankton,Meroplankton
Symbiodiniaceae,Phytoplankton,Phytoplankton
Symbiodinium,Phytoplankton,Non_plankton
Symphypleona,Non_plankton,Non_plankton
Synalpheus gambarelloides,Meroplankton,Meroplankton
Synarachnactis lloydii,Meroplankton,Meroplankton
Synchaeta,Holoplankton,Other
Synchaeta grimpei,Holoplankton,Other
Synchaeta triophthalma,Holoplankton,Other
Synchaeta vorax,Holoplankton,Other
Synchaetidae,Holoplankton,Other
Syntheciidae,Holoplankton,Cnidaria
Syrphidae,Non_plankton,Non_plankton
Syrphoidea,Non_plankton,Non_plankton
Systellommatophora,Meroplankton,Meroplankton
Tachinidae,Non_plankton,Non_plankton
Taeniidae,Non_plankton,Non_plankton
Takayama acrotrocha,Phytoplankton,Phytoplankton
Talitroidea,Non_plankton,Non_plankton
Tanna,Non_plankton,Non_plankton
Tarsonemidae,Non_plankton,Non_plankton
Tectocepheidae,Non_plankton,Non_plankton
Tellimya,Meroplankton,Meroplankton
Tellimya ferruginosa,Meroplankton,Meroplankton
Tellimya tenella,Meroplankton,Meroplankton
Tellinidae,Meroplankton,Meroplankton
Temora,Holoplankton,Copepoda
Temora longicornis,Holoplankton,Copepoda
Temoridae,Holoplankton,Copepoda
Tenellia aurantia,Meroplankton,Meroplankton
Tenellia foliata,Meroplankton,Meroplankton
Tenuilineus albocinctus,Meroplankton,Meroplankton
Tephritidae,Non_plankton,Non_plankton
Terebellida,Meroplankton,Meroplankton
Terebellidae,Meroplankton,Meroplankton
Teredo navalis,Meroplankton,Meroplankton
Teretia teres,Meroplankton,Meroplankton
Tergipes tergipes,Meroplankton,Meroplankton
Tethya,Meroplankton,Meroplankton
Tethyida,Non_plankton,Non_plankton
Tethyidae,Meroplankton,Meroplankton
Tetillidae,Meroplankton,Meroplankton
Tetracladium,Non_plankton,Non_plankton
Tetractinellida,Non_plankton,Non_plankton
Tetragnatha,Non_plankton,Non_plankton
Tetraodontiformes,Meroplankton,Meroplankton
Tettigettalna,Non_plankton,Non_plankton
Thalassionema,Phytoplankton,Non_plankton
Thalassionema nitzschioides,Phytoplankton,Phytoplankton
Thalassionemales,Phytoplankton,Non_plankton
Thalassionemataceae,Phytoplankton,Phytoplankton
Thalassiosira nordenskioeldii,Phytoplankton,Phytoplankton
Thalassiosirales,Phytoplankton,Phytoplankton
Thalestris longimana,Holoplankton,Copepoda
Tharybis,Holoplankton,Copepoda
Thaumatomyia,Non_plankton,Non_plankton
Thecadinium inclinatum,Phytoplankton,Phytoplankton
Thecostraca,Meroplankton,Meroplankton
Thelepus cincinnatus,Meroplankton,Meroplankton
Themisto,Holoplankton,Amphipoda
Themisto abyssorum,Holoplankton,Amphipoda
Themisto compressa,Holoplankton,Amphipoda
Themisto pacifica,Holoplankton,Amphipoda
Theodoxus,Non_plankton,Non_plankton
Theridiidae,Non_plankton,Non_plankton
Thiotrichales,Non_plankton,Non_plankton
Thomisidae,Non_plankton,Non_plankton
Thoracosphaeraceae,Phytoplankton,Non_plankton
Thoridae,Meroplankton,Meroplankton
Thripidae,Non_plankton,Non_plankton
Thyone fusus,Meroplankton,Meroplankton
Thyonidium drummondii,Meroplankton,Meroplankton
Thysanoessa,Holoplankton,Euphausiidae
Thysanoessa gregaria,Holoplankton,Euphausiidae
Thysanoessa inermis,Holoplankton,Euphausiidae
Thysanoessa longicaudata,Holoplankton,Euphausiidae
Thysanoessa raschii,Holoplankton,Euphausiidae
Thysanoptera,Non_plankton,Non_plankton
Tiaropsis multicirrata,Holoplankton,Cnidaria
Tima bairdii,Holoplankton,Cnidaria
Timoclea ovata,Meroplankton,Meroplankton
Tineidae,Non_plankton,Non_plankton
Tisbe elegantula,Holoplankton,Copepoda
Tisbe tenera,Holoplankton,Copepoda
Tisbidae,Holoplankton,Copepoda
Tomopteridae,Holoplankton,Polychaeta
Tomopteris,Holoplankton,Other
Tomopteris Johnstonella helgolandica,Holoplankton,Polychaeta
Tomopteris septentrionalis,Holoplankton,Polychaeta
Tonicellidae,Meroplankton,Meroplankton
Tortanus Boreotortanus discaudatus,Holoplankton,Copepoda
Tortricidae,Non_plankton,Non_plankton
Trachelipus,Non_plankton,Non_plankton
Trachinus draco,Meroplankton,Meroplankton
Trechaleidae,Non_plankton,Non_plankton
Triangulus munidae,Meroplankton,Meroplankton
Trichobranchus roseus,Meroplankton,Meroplankton
Trichocomaceae,Non_plankton,Non_plankton
Trichoderma,Non_plankton,Non_plankton
Trichoptera,Non_plankton,Non_plankton
Trichydra pudica,Holoplankton,Cnidaria
Trichydridae,Holoplankton,Cnidaria
Tricladida,Non_plankton,Non_plankton
Triconia,Holoplankton,Copepoda
Triconia borealis,Holoplankton,Copepoda
Triconia conifera,Holoplankton,Copepoda
Trieres regia,Phytoplankton,Non_plankton
Triparma laevis,Phytoplankton,Phytoplankton
Tripos lineatus,Phytoplankton,Non_plankton
Tripos longipes,Phytoplankton,Phytoplankton
Tripos macroceros,Phytoplankton,Phytoplankton
Trisopterus,Meroplankton,Meroplankton
Trisopterus esmarkii,Meroplankton,Meroplankton
Trisopterus minutus,Meroplankton,Meroplankton
Tritia incrassata,Meroplankton,Meroplankton
Tritia nitida,Meroplankton,Meroplankton
Tritia varicosa,Meroplankton,Meroplankton
Triticella flava,Meroplankton,Meroplankton
Triticinae,Meroplankton,Meroplankton
Tritonia hombergii,Meroplankton,Meroplankton
Trivia arctica,Meroplankton,Meroplankton
Trochida,Meroplankton,Meroplankton
Trochochaeta multisetosa,Meroplankton,Meroplankton
Trogidae,Non_plankton,Non_plankton
Trombidiformes,Non_plankton,Non_plankton
Trupanea,Non_plankton,Non_plankton
Tryphosites longipes,Holoplankton,Amphipoda
Tubulanidae,Meroplankton,Meroplankton
Tubulaniformes,Meroplankton,Meroplankton
Tubulanus,Non_plankton,Non_plankton
Tubularia indivisa,Holoplankton,Cnidaria
Turbonilla,Phytoplankton,Non_plankton
Turritellinella tricarinata,Meroplankton,Meroplankton
Tyrophagus,Non_plankton,Non_plankton
Tyrophagus fanetzhangorum,Non_plankton,Non_plankton
Tyrophagus putrescentiae,Non_plankton,Non_plankton
unclassified,Unclassified,Unclassified
Upobegia,Meroplankton,Meroplankton
Upogebia stellata,Meroplankton,Meroplankton
Urticina,Meroplankton,Meroplankton
Urticina crassicornis,Meroplankton,Meroplankton
Vaejovidae,Non_plankton,Non_plankton
Valvatida,Meroplankton,Meroplankton
Varicorbula gibba,Meroplankton,Meroplankton
Velutina velutina,Meroplankton,Meroplankton
Velutinidae,Meroplankton,Meroplankton
Venerida,Meroplankton,Meroplankton
Venerupis corrugata,Meroplankton,Meroplankton
Vermetidae,Non_plankton,Non_plankton
Verongida,Meroplankton,Meroplankton
Verongiida,Meroplankton,Meroplankton
Verongula gigantea,Meroplankton,Meroplankton
Verruca,Meroplankton,Meroplankton
Verruca stroemia,Meroplankton,Meroplankton
Vertebrata,Phytoplankton,Phytoplankton
Vesiculariidae,Meroplankton,Meroplankton
Vespidae,Non_plankton,Non_plankton
Vibiliidae,Holoplankton,Amphipoda
Vibrionales,Non_plankton,Non_plankton
Virgularia mirabilis,Meroplankton,Meroplankton
Viviparidae,Meroplankton,Meroplankton
Vrijenhoekia nadir,Meroplankton,Meroplankton
Westwoodilla,Holoplankton,Amphipoda
Westwoodilla caecula,Holoplankton,Amphipoda
Wrangelia,Phytoplankton,Phytoplankton
Xantho,Meroplankton,Meroplankton
Xantho pilipes,Meroplankton,Meroplankton
Xanthomonadales,Non_plankton,Non_plankton
Xylophaga dorsalis,Meroplankton,Meroplankton
Ypsolophidae,Non_plankton,Non_plankton
Zanclea,Holoplankton,Cnidaria
Zanclea implexa,Holoplankton,Cnidaria
Zancleidae,Holoplankton,Cnidaria
Zaus spinatus,Holoplankton,Copepoda
Zaus spinatus spinatus,Holoplankton,Copepoda
Zelotes,Non_plankton,Non_plankton
Zeugopterus norvegicus,Meroplankton,Meroplankton
Zeugopterus punctatus,Meroplankton,Meroplankton
Zirfaea pilsbryi,Meroplankton,Meroplankton
Zodariidae,Non_plankton,Non_plankton