seqid	pid	ltg_taxid	ltg_name	ltg_rank	superkingdom	kingdom	phylum	class	order	family	genus	species	sequence
MZP_000000001	100	6677	Balanus	genus	Eukaryota	Metazoa	Arthropoda	Thecostraca	Balanomorpha	Balanidae	Balanus		TTTATCAAGAAATATTGCTCACTCTGGAGCATCTGTGGATTTATCAATTTTTTCTCTCCATTTAGCGGGAGCTTCTTCAATTCTAGGAGCAATTAATTTTATATCCACAGTTATTAATATACGAGCAGAAACTTTAACTTTTGATCGTCTTCCTCTTTTTGTATGAAGAGTATTTATTACAGTAATTTTACTTCTACTATCACTCCCTGTTTTAGCAGGAGCTATTACAATACTACTTACAGATCGAAATCTAAATACTTCGTTTTTTGACCCTACAGGAGGAGGTGATCCTATTCTTTATCAACATTTATTC
MZP_000000002	100	6837	Calanus finmarchicus	species	Eukaryota	Metazoa	Arthropoda	Hexanauplia	Calanoida	Calanidae	Calanus	Calanus finmarchicus	CCTCTCAAGTAATATTGCACATGCTGGGGCTTCCGTCGACTTCGCTATTTTTTCACTCCACTTGGCAGGGGTCAGATCAATTTTAGGGGCTGTTAATTTTATTAGAACTTTGGGGAATCTCCGAGTATTTGGAATGCTATTGGACCGTATGCCCCTATTTGCCTGAGCCGTTCTCATCACTGCTGTCCTCCTTTTACTGTCTTTACCGGTCTTAGCGGGGGCTATCACGATACTATTAACAGATCGAAACCTAAATACGACATTTTATGATGTTGGGGGAGGGGGAGATCCTATTTTATACCAGCACCTCTTT
MZP_000000003	99	6833	Calanoida	order	Eukaryota	Metazoa	Arthropoda	Hexanauplia	Calanoida				GCTATCTAGGAATATTGCCCATGCTGGGGGTTCAGTAGATTTTGCAATTTTTTCTCTACACTTAGCCGGTGTAAGTTCAATTTTAGGGGCAGTTAATTTTATTAGTACATTAGGAAATTTACGAGTGTTTAATATACTTTTAGATCGAATACCATTATTTGCATGATCTGTTTTAATTACAGCTATTCTACTGCTTTTATCACTACCTGTTTTGGCTGGAGCTATTACTATACTGTTAACTGATCGAAATCTTAATACTTCTTTTTATGATGTAGGTGGAGGGGGAGACCCTATTTTGTATCAACATCTTTTT
MZP_000000004	100	645360	Nanomia cara	species	Eukaryota	Metazoa	Cnidaria	Hydrozoa	Siphonophorae	Agalmatidae	Nanomia	Nanomia cara	ATTATCTGGACCTCAAGCACATTCTGGAGGATCAGTAGATTTAGCTATTTTCAGTTTACACACTGCAGGAGCTTCATCTATAATGGGAGCTATTAACTTTATAACTACTATTTTTAATATGAGAGCACCTGGAATGACTATGGATAAATTACCATTGTTTGTTTGATCAGTATTAATAACAGCATTCTTATTATTGTTATCTTTACCTGTACTAGCAGGAGCTATAACAATGCTATTAACAGATAGAAACTTTAATACAAGTTTCTTTGACCCAGCAGGTGGAGGAGATCCTATTCTTTATCAACATTTATTT
MZP_000000005	100	114069	Calanus hyperboreus	species	Eukaryota	Metazoa	Arthropoda	Hexanauplia	Calanoida	Calanidae	Calanus	Calanus hyperboreus	GCTATCAAGAAATATTGCACATGCAGGGGCATCCGTAGATTTCGCTATTTTTTCTCTTCATTTGGCCGGGGTTAGATCAATTCTGGGGGCAGTGAACTTTATTAGAACATTGGGCAATTTGCGGGTATTTGGTATATTATTAGACCGAATGCCATTGTTTGCTTGAGCTGTTTTAATTACTGCAGTCTTATTATTATTGTCACTACCGGTATTAGCCGGTGCTATTACAATACTGTTAACCGATCGGAATTTGAACACTTCATTCTATGATGTGGGCGGTGGTGGAGATCCTATTTTATACCAGCACTTGTTT
MZP_000000006	100	184761	Pseudocalanus acuspes	species	Eukaryota	Metazoa	Arthropoda	Hexanauplia	Calanoida	Clausocalanidae	Pseudocalanus	Pseudocalanus acuspes	TCTATCAAGAAATATTGCTCATGCTGGAGGTTCTGTAGATTTTGCTATTTTTTCTCTGCACCTCGCAGGAGTAAGATCTATCTTAGGTGCTGTAAATTTTATCAGTACTTTAGGTAATTTACGAGTATTTGGTATGTTATTAGACCAAATACCATTATTTGCTTGATCCGTGTTAGTGACAGCTATTCTTCTACTGCTGTCATTACCAGTGTTAGCTGGTGCTATTACCATATTGTTAACTGACCGAAACCTAAACACCTCTTTCTATGACGTAGGTGGAGGTGGAGATCCTATTTTATATCAACACCTTTTT
MZP_000000007	84	33845	Rhizosoleniaceae	family	Eukaryota	kingdom_Bacillariophyta	Bacillariophyta	Coscinodiscophyceae	Rhizosoleniales	Rhizosoleniaceae			TTTGTCTAGCGCTAACGCTCATTCGGGAGCTTCAGTAGATTTAGCTATTTTTAGTTTACATTTATCAGGAGCTGCATCTATATTAGGGGCTATAAACTTTATTTGTACTATTTTAAACATGAGAGTTAAAGGTTTATTTATGCATAGACTACCTTTATTTGTATGGTCTATATTAATTACAGCTTTCTTGTTGTTACTTTCGTTACCGGTATTAGCTGGAGCTATCACTATGCTTTTAACAGATAGAAATTTTAATACTACGTTTTTTGATCCAGCTGGTGGTGGTGATCCCGTGTTATATCAACATTTATTT
MZP_000000008	99	1774332	Boroecia borealis	species	Eukaryota	Metazoa	Arthropoda	Ostracoda	Halocyprida	Halocyprididae	Boroecia	Boroecia borealis	GCTGTCCAGTTTGATAGGTCAAAATGATCCTTCAGTTGACTTAGCTATTATATCGCTGCACTTAGCGGGTTTTTCATCTATTATAGCCTCTCTTAACATAATGACAACGGTACTTAACATACGCCTACCCTGGATAACCTTAGAAATCACACCCCTATTACCCTGAGCTCTTTTAATAACAGCGTTATTACTTATATTAGCATTGCCTGTCCTAGCAGCATGTATAACCATGCTGCTTACTGACCGCAATCTAAATACATCATTTTTTGACCCTTCTGGTGGAGGAGATCTAATTTTGTTCCAACACTTATTT
MZP_000000009	100	290514	Luidia sarsi	species	Eukaryota	Metazoa	Echinodermata	Asteroidea	Paxillosida	Luidiidae	Luidia	Luidia sarsi	CTTATCAAGAGGACTAGCACACGCTGGGGGGTCGGTAGATTTAGCCATTTTCTCTCTCCACTTAGCTGGTGCTTCTTCAATCTTAGCCTCTATTAAATTTATTACCACAATTATTAATATGCGAACCCCAGGAGTTTCTTTTGACCGGCTTCCTTTATTTGTATGATCAGTTTTTGTAACTGCCTTCCTCCTATTATTATCCCTTCCTGTTCTCGCCGGAGCCATTACTATGCTCTTAACAGACCGCAAAATCAAAACTACGTTCTTTGACCCCGCAGGAGGTGGTGACCCCATCTTATTCCAACACTTATTC
MZP_000000010	100	136184	Pseudocalanus elongatus	species	Eukaryota	Metazoa	Arthropoda	Hexanauplia	Calanoida	Clausocalanidae	Pseudocalanus	Pseudocalanus elongatus	GTTATCGAGGAATATCGCACACGCAGGAGGGTCCGTAGACTTTGCTATTTTCTCTCTTCATTTAGCGGGGGTAAGATCTATCTTAGGTGCGGTAAATTTTATTAGTACTTTAGGTAATTTACGAGTATTTGGCATACTTTTAGATCAGATACCATTATTTGCGTGGTCTGTATTAGTAACGGCTATTCTTTTACTACTGTCCTTACCCGTCTTAGCTGGAGCTATTACTATATTATTAACAGATCGAAATTTAAATACTTCTTTTTATGATGTAGGGGGAGGGGGAGACCCTATTTTATATCAACATTTATTT
MZP_000000011													CTTATCTGCCACAGGGCAGCCAGGAACTAGAGTAGACCTGGCGATTGGAGCCCTACATATTGGTGGTGTTAGTAGACTTATGGCCTCTATTAACTTTATTGCAACACCAATCTGCCTCAATGCTGGCAATGAGACAGCAGAGCACGTAAGGCTGATTGTTTGGGCAATAGGACTAACAGCAATCCTACTGCTTCTTTCAATCCCAGTACTAGCTGGAGGGATCACAATACTCTTAACTGACCGTAATATTAATACGGCTTTTTTTGACCCAGCTGGGGGAGGAGACCCCATCTTGTTCCAACATCTTTTC
MZP_000000012	97	702397	Discoconchoecia elegans	species	Eukaryota	Metazoa	Arthropoda	Ostracoda	Halocyprida	Halocyprididae	Discoconchoecia	Discoconchoecia elegans	TTTATCAAGTTTAATAGGTCAGAACGACCCTTCTGTAGACTTAGCCATTATTTCACTACATTTGGCTGGGTTTTCTTCTATAATAGCTTCATTAAATATCATGACTACAGTATTAAATATACGGTTACCCTGAGTAACATTAGAAATTACACCTTTACTACCTTGGGCACTACTAATAACCGCTTTATTACTTATACTAGCTTTACCCGTACTAGCAGCATGTATAACAATGCTATTAACAGATCGTAATCTTAACACATCTTTTTTCGATCCTTCAGGAGGAGGGGACCTTATACTATTTCAACATCTATTT
MZP_000000013													TTTGAGCACTGTGGGGCATAGAGGGGGCGCAGTGGATTTGGGTATCTTCTCCTTGCACCTTGCTGGCGTTAGAAGAATCTTGGGGAGAGCTAATTTTATTACAACTATCTCCAATATAAAAGGGGAAGGTATGTCCATAGAACTCATGCCGTTATTCGTGTGGGCGGTGCTACTCACTGCTATCTTACTTTTGCTCTCCCTTCCTGTATTAGCCGGTGCTATTACTATGTTGCTAACAGACCGTAATTTTAACACCTCCTTCTTTGACCCTGCCGGCGGTGGTGACCCTATTTTGTACCAACACTTATTT
MZP_000000014	100	187406	Paracalanus parvus	species	Eukaryota	Metazoa	Arthropoda	Hexanauplia	Calanoida	Paracalanidae	Paracalanus	Paracalanus parvus	ACTATCTAGGAACATTGCACATGCCGGAAGGTCCGTAGACTTTGCCATCTTTTCGTTACATTTAGCCGGAGTTAGTTCAATTCTTGGGGCAGTAAATTTTATTAGGACTTTAGGAAACCTTCGAGTATTTGGAATATTACTAGATCGCATACCTCTGTTTGCATGAGCTGTATTAATTACTGCTGTACTATTACTTCTTTCTTTACCTGTTCTAGCTGGGGCTATTACCATATTATTAACCGATCGTAATTTGAATACAACATTTTATGATGTGGGGGGAGGAGGAGATCCTATTCTATATCAACACCTATTC
MZP_000000015	100	324873	Oithona similis	species	Eukaryota	Metazoa	Arthropoda	Hexanauplia	Cyclopoida	Oithonidae	Oithona	Oithona similis	TCTGAGTTCTTATATTTTTCACGGGGGAGCATCTGTGGACTTTACAATTTTTAGCCTCCACCTAGCCGGAGTCTCTTCTCTCCTGGGGGCAGTAAACTTTATTAGCACGGTTTTAAATTTACGGGCATTAGGTATGTTAATAGATCGCATACCTTTATTCCCATGGGCAGTATTTATTACTGCTATTCTGCTTCTTTTGTCACTTCCCGTTTTAGCAGGAGCTATCACTATACTCTTGACAGATCGAAATTTAAACACGTCTTTTTATGATCCTATAGGCGGGGGTGACCCTGTCCTCTATCAGCACTTGTTT
MZP_000000016	100	164414	Verruca stroemia	species	Eukaryota	Metazoa	Arthropoda	Thecostraca	Verrucomorpha	Verrucidae	Verruca	Verruca stroemia	TCTTTCTAGAAATATTGCTCACTCAGGAGCTTCTGTTGATTTATCTATTTTTTCTCTTCACCTTGCAGGGGCCTCTTCTATTTTAGGAGCTATTAACTTTATATCCACAGTTATTAATATGCGAAGAGAAACTTTAACTTTTGATCGTCTTCCCTTATTTGTTTGAAGAGTATTTGTAACTGTTATTTTACTTCTTTTATCTCTTCCAGTATTAGCGGGGGCTATTACTATATTATTAACTGACCGGAACTTAAACACTTCTTTTTTTGACCCAACAGGTGGAGGGGATCCTATTCTTTATCAGCATTTATTC
MZP_000000017													ATTAAGTACATCATTAATAAGTCTATCACCTATTGGAATTGATATTTTATTATATGGATTATTATTGTCAGGTATATCATCATGTCTAACATCTATTAATTTCATCGCTACAATTATAAATATGAGATGTTATAGTATGATATTATCGATTATGCCAGTATATACATGGTCACAAAATATTACAGGATTTCTATTGTTATTAACATTACCTATATTAACAGGAGCTCTTATAATGTCCTTAGCAGATCTTCATTATAATACAGTTTTCTTTAATCCAATATTTGGAGGCGATCCTGTACTTTATCAACATTTATTT
MZP_000000018	83	197562	Pancrustacea	clade	Eukaryota	Metazoa	Arthropoda						GCTAGCTAGGACTATCTCACATGTGGGGGGAGCGGTAGATATAGGCATTTTTTCGCTTCATTTGGCGGGTGCTTCATCTATTTTAGGTGCTGTAAATTTTATTTCAACTGTGATTAATATACGGGCTGTGGGGATAGGGTTTGACAGGGTACCTTTATTTGTGTGATCAGTTTTTATTACAGCAATTTTATTGCTTTTATCATTACCTGTGTTGGCAGGGGCTATTACGATATTACTTACAGACCGTAACTTAAATACTTCATTTTTCGACCCGGTAGGCGGAGGGGACCCGATCTTATACCAGCATCTTTTT
MZP_000000019	100	114071	Metridia longa	species	Eukaryota	Metazoa	Arthropoda	Hexanauplia	Calanoida	Metridinidae	Metridia	Metridia longa	CCTGGCCAGAAATGTGGCACACGCAGGAAGTTCTGTAGACTTTGCTATCTTCTCTCTTCACTTAGCAGGGGTCTCCTCAATCTTAGGGGCTATTAACTTTATTAGGACTCTGGGAAACCTTCGTGTCTTTGGCATGTTCCTAGATCGAATACCCCTGTTCGCATGAGCAGTTCTTATTACAACAATTTTACTTCTTTTGTCCCTTCCTGTGCTCGCAGGGGCCATCACGATATTATTAACAGACCGGAACCTGAATACCTCGTTTTATGACGTGGGAGGAGGGGGGGATCCTATTCTCTACCAGCACCTGTTT
MZP_000000020	100	113644	Calanus glacialis	species	Eukaryota	Metazoa	Arthropoda	Hexanauplia	Calanoida	Calanidae	Calanus	Calanus glacialis	CCTATCAAGTAATATTGCACATGCGGGGGCTTCTGTGGATTTTGCTATCTTCTCCCTGCACTTAGCCGGAGTTAGCTCGATCTTGGGTGCTGTAAATTTTATTAGTACTTTGGGGAACCTTCGTGTGTTTGGTATACTTTTAGACCGTATGCCACTATTTGCTTGGGCGGTACTCATTACCGCTGTCCTTCTCCTATTATCATTACCCGTCCTAGCAGGAGCTATCACCATATTATTAACAGATCGAAACCTAAATACGACCTTCTATGACGTGGGGGGGGGGGAGATCCTATCTTATACCAGCACCTATTT
MZP_000000021	100	48144	Meganyctiphanes norvegica	species	Eukaryota	Metazoa	Arthropoda	Malacostraca	Euphausiacea	Euphausiidae	Meganyctiphanes	Meganyctiphanes norvegica	TTTATCAGCTGGAATTGCTCACGCAGGAGCCTCAGTTGACATAGGAATTTTTTCACTACATATTGCAGGAGCTTCTTCTATTTTGGGAGCTGTAAACTTTATTACAACTGTAATTAATATACGATCAGCAGGGATAACTATAGACCGAATTCCATTATTTGTGTGATCAGTATTTATTACAGCAATTTTACTTTTATTATCACTTCCAGTTTTAGCAGGAGCTATTACTATACTTCTAACAGATCGTAATCTTAACACATCATTTTTTGACCCTGCTGGTGGTGGAGATCCAATTCTATATCAACATCTATTT
MZP_000000022	99	118886	Hysterothylacium aduncum	species	Eukaryota	Metazoa	Nematoda	Chromadorea	Rhabditida	Raphidascarididae	Hysterothylacium	Hysterothylacium aduncum	CTTGAGGACTATAGGTCATCCTGGTAGAAGTGTAGACTTGGCTATTTTTAGTCTTCATTGTGCTGGTGTGAGATCTATTCTGGGGGCTATTAACTTTATGACTACTACAAAGAATTTACGTAGCAGCTCTATTTCTTTAGAGCACATAAGGCTCTTTGTTTGGACTGTATTCGTCACTGTTTTTCTTTTGGTTCTATCTTTGCCTGTCTTGGCTGGTGCTATTACTATACTTTTAACTGACCGAAATTTAAATACTTCTTTTTTTGACCCTAGAACTGGAGGTAACCCTCTTATTTATCAGCACCTGTTT
MZP_000000023	100	2802087	Microcalanus pusillus	species	Eukaryota	Metazoa	Arthropoda	Hexanauplia	Calanoida	Clausocalanidae	Microcalanus	Microcalanus pusillus	TCTTTCAAGAAATATTGCACACGCAGGGGGCTCAGTAGATTTTGCTATTTTTTCTCTACATTTGGCCGGGGTGAGATCAATTTTAGGGGCAGTTAATTTTATTAGGACTTTAGGAAACCTGCGAGTCTTTGGTATATTACTGGACCGGATACCATTATTCGCATGGTCTGTCTTAGTCACTGCGGTGCTGCTATTGCTCTCTATGCCAGTACTCGCTGGCGCGATTACTATGCTTCTAACAGACCGAAATTTAAACACGTCGTTTTATGATGTGGGAGGGGGTGGAGACCCTATCTTATACCAACATCTTTTT
MZP_000000024	99	71516	Clione limacina	species	Eukaryota	Metazoa	Mollusca	Gastropoda	Pteropoda	Clionidae	Clione	Clione limacina	ACTAAGATCGTTAGTAGGACATAATAACCACTCTGTTGATCTAGCTATTTTCTCTTTACATTTAGCTGGTATTAGGTCTATTTTAGGTGCAGTAAATTTTATTACTACTATCTTAAATATACGAGCCCCTGGAGTTAGCTGAGAACGACTATCTCTATTTGTGTGGTCTCTTTTAGTAACAACAGTTCTTCTACTTTTATCTCTTCCTGTATTGGCAGGAGCTATCACTATACTCCTTACTGACCGTAATTTCAATACAGGGTTCTTTGACCCTGGGGCCGGTGGAGACCCTATTTTATTTCAACATTTATTT
MZP_000000025	97	671091	Coscinodiscus wailesii	species	Eukaryota	kingdom_Bacillariophyta	Bacillariophyta	Coscinodiscophyceae	Coscinodiscales	Coscinodiscaceae	Coscinodiscus	Coscinodiscus wailesii	ACTATCTAGTGTAAGTGCACATTCAGGAGCATCTGTTGATCTAGCTATTTTTAGTCTTCACTTATCAGGAGCTGCATCGATTTTAGGGGCTATTAATTTTATCTGTACTATTTTAAATATGAGGGTAAAAGGATTATTTATGCATAGGCTTCCTTTATTTGTATGGTCAATTTTAATTACTGCAGTATTATTACTTCTATCTTTACCTGTATTAGCTGGAGCAATTACAATGCTTTTAACTGATCGAAATTTTAATACTACTTTTTTTGATCCTGCTGGAGGAGGAGATCCTGTTCTGTTTCAACATTTATTT
MZP_000000026	100	210626	Thysanoessa inermis	species	Eukaryota	Metazoa	Arthropoda	Malacostraca	Euphausiacea	Euphausiidae	Thysanoessa	Thysanoessa inermis	CTTATCAGCTGGTATTGCACATGCAGGAGCCTCTGTTGATATGGGAATTTTTTCTTTACATATTGCTGGAGCTTCATCTATTTTGGGAGCAGTAAATTTTATTACTACTGTAATTAACATACGATCTGCGGGAATGACAATAGACCGAATTCCTTTATTTGTATGATCAGTATTTATTACAGCTATTTTACTTTTATTATCTTTACCGGTTCTAGCAGGAGCTATTACTATACTTTTAACAGATCGTAATTTAAATACCTCTTTTTTTGACCCTGCAGGAGGAGGAGACCCTATTTTATATCAACATTTATTT
MZP_000000027	100	52636	Eukrohnia	genus	Eukaryota	Metazoa	Chaetognatha	Sagittoidea	Phragmophora	Eukrohniidae	Eukrohnia		TTTAAGATCTATTTCCGGTCACTCCGGGGGTGCTGTTGATTTGGGTATTTTCTCTTTACATTTAGCTGGTGTAAGTTCAATTTTGGGGGCAGCTAATTTTATTACTACAATTTTAAATATACGAAGCGAAGGTATAACTATAGAATTAATTCCATTATTTGTATGAAGAGTGCTACTAACAGCTATTTTACTTCTACTTTCATTACCTGTATTAGCTGGTGCAATTACTATACTATTAACAGATCGAAATTTTAATACTTCTTTCTTTGATCCTGCTGGAGGGGGGGATCCTATTTTGTTTCAACATTTATTT
MZP_000000028	87	500008	Leptothecata	order	Eukaryota	Metazoa	Cnidaria	Hydrozoa	Leptothecata				TCTTTCAGGACCTCAAACACATTCAGGAGGATCAGTAGATATGGCTATATTTAGTTTACATTGTGCAGGTGCATCATCTATTATGGGTGCTATTAATTTCATAACAACCATTTTTAACATGAGAGCCCCAGGACTAACATTTGATAAACTACCTCTATTTGTTTGATCTGTTTTAATAACAGCCTTTCTATTACTTTTATCCCTGCCAGTTTTAGCAGGTGCTATTACCATGTTATTAACAGATCGTAATTTTAATACAACATTCTTTGACCCAGCAGGAGGGGGTGATCCTGTATTATACCAACATTTATTC
MZP_000000029	100	114068	Calanus helgolandicus	species	Eukaryota	Metazoa	Arthropoda	Hexanauplia	Calanoida	Calanidae	Calanus	Calanus helgolandicus	CCTATCCAGAAATGTAGCCCATGCTGGAGCTTCTGTCGACTTTGCTATTTTTTCGTTACATTTAGCTGGGGTGAGATCTATTTTAGGGGCTGTAAATTTTATTAGAACCCTTGGCAATCTTCGAGTGTTTGGTATATTACTTGATCGAATGCCTCTTTTTGCCTGGGCTGTTCTAATTACTGCGGTCTTACTTCTCTTATCTCTCCCTGTTTTGGCCGGGGCAATTACAATACTACTTACAGACCGAAACCTAAATACGACATTTTATGATGTAGGGGGCGGAGGAGACCCTATTTTATATCAGCACCTATTT
MZP_000000030	100	587158	Pasiphaea multidentata	species	Eukaryota	Metazoa	Arthropoda	Malacostraca	Decapoda	Pasiphaeidae	Pasiphaea	Pasiphaea multidentata	CCTAGCCTCTGGTTATGCTCATGTGGGAGCTGCAGTAGACATAGGAATCTTTTCCCTTCACTTAGCCGGAGTTTCTTCAATTTTAGGAGCAATTAACTTTATTTCTACAATTGTAAATATACGAAGAGTGGGAATATCATGAGACCGAGTTCCATTATTTGTTTGATCAGTTTTTTTAACAGCTATTTTACTGCTTATTTCACTTCCAGTTTTAGCAGGGGCTATCACCATACTATTAACCGACCGAAACTTGAACACCTCTTTTTTTGATCCTGCTGGGGGAGGAGATCCTGTTCTATACCAACATTTATTC
MZP_000000031	88	6817	Euphausiidae	family	Eukaryota	Metazoa	Arthropoda	Malacostraca	Euphausiacea	Euphausiidae			TTTATCAGCAGGTATTGCACATGCTGGAGCATCTGTAGATATAGGAATCTTTTCTTTACATATTGCAGGAGCTTCTTCAATTTTAGGAGCTGTAAATTTTATTACTACTGTAATTAATATACGAGCAGCAGGTATAACTATAGACCGTATTCCTTTATTTGTTTGATCAGTTTTTATTACAGCAATTTTATTACTTTTATCTCTACCAGTTTTAGCAGGAGCTATTACTATATTATTAACTGACCGTAATCTTAATACCTCATTCTTTGATCCTGCTGGAGGAGGGGATCCTATTCTATACCAACATTTATTT
MZP_000000032	100	27771	Limanda limanda	species	Eukaryota	Metazoa	Chordata	Actinopteri	Pleuronectiformes	Pleuronectidae	Limanda	Limanda limanda	GTTAGCTGGAAATCTAGCACACGCTGGAGCATCCGTAGACCTAACAATCTTCTCTCTTCACCTTGCCGGGATTTCATCAATCCTGGGAGCAATCAACTTTATTACCACAATCATCAACATGAAACCTACGGCAGTAACTATGTACCAAATTCCACTATTCGTGTGAGCCGTGCTAATTACAGCCGTTCTTCTCCTCCTCTCCCTTCCGGTCTTAGCCGCTGGCATCACAATGCTACTGACAGACCGCAACCTAAACACAACTTTCTTTGACCCTGCCGGAGGGGGTGACCCCATCCTCTATCAACACCTATTC
MZP_000000033	100	1421717	Themisto abyssorum	species	Eukaryota	Metazoa	Arthropoda	Malacostraca	Amphipoda	Hyperiidae	Themisto	Themisto abyssorum	TTTGTCATCTTCAGTGGGCCACAGAGGCTCTGCTGTAGATGTGGCTATTTTTTCTTTACATTTAGCAGGTGTTTCTTCTATTTTGGGGGCGATTAATTTTATGACCACTATTTTAAATATACGGAGCACAGGATTTAAAATATTTTATATAAGATTATTTGTTTGAGCTGTTTTTATTACGGCTATTTTACTATTGTTGTCTTTACCTGTCTTAGCCGGAGGTATCACTATACTTTTATTAGACCGAAATTTAAACACTTCTTTTTTTAATCCCACAGGGGGGGGAGACCCTGTTTTATATCAACACTTATTT
MZP_000000034	100	261850	Candacia armata	species	Eukaryota	Metazoa	Arthropoda	Hexanauplia	Calanoida	Candaciidae	Candacia	Candacia armata	TCTCTCTTCAAATATTGCCCACTCTGGGAGATCTGTTGACTTTGCCATTTTCTCACTCCACCTTGCCGGAGTGAGATCAATTCTGGGTGCAGTAAACTTTATTAGTACCTTAGGAAATTTACGAGTTTTTGGTATAATCTTAGACCGAACTCCTCTTTTTGGATGATCTGTTATAATCACCGCAGTTCTCCTTCTCCTGTCTCTACCCGTCCTTGCAGGTGCAATTACTATGCTCCTAACAGATCGGAATCTTAATTCCTCATTTTACAGAAGAGCCGGGGGTGGAGACCCCATCTTGTACCAACACCTATTC
MZP_000000035	100	1486854	Tomopteris helgolandica	species	Eukaryota	Metazoa	Annelida	Polychaeta	Phyllodocida	Tomopteridae	Tomopteris	Tomopteris helgolandica	TTTATCTTCTAATATTTCTCATTCTGGTTCAGCTGTAGATTTAGCAATTTTTTCTTTACATTTAGCAGGTGTTTCTTCAATTTTAGGAGCAATTAATTTTATTACTACTTTTATAAATATACGAGTTAAAGGTATAACTTATGAACGAGTACCTTTATTTGTTTGATCTGTAGCTATTACTGCTCTATTATTATTACTTTCTTTACCAGTACTAGCAGGTGGAATTACTATATTATTAACTGATCGTAATCTTACAACATCTTTTTTTGATCCTGCTGGGGGAGGAGATCCTATTCTTTATCAACATATTTTT
MZP_000000036	77	33392	Endopterygota	cohort	Eukaryota	Metazoa	Arthropoda	Insecta					CTTTCTTCTTCTATTACCCATTCTGGCCCTGCTGTTGATTTTGCAATTTTTAGTTTACATTTAGCTGGAATTTCGTCAATTGCAGGAGCAATAAATTTTATTGTAACTATCAGTAATATGAAATGTTTGGGTATGGGTAATTCAAAACTACCTTTATTCGTATGAAGTATCTTAGTAACAGTTTTTTTACTTCTCCTATCTTTACCAGTTTTAGCTGGAGCTATAACAATGTTATTAGTAGATAGGAATTTTAATGGTAATTTTTTTGAATCAGAGGGGGGAGGGGATCCTGTCTTATATCAGCATTTATTT
MZP_000000037	100	134763	Metridia lucens	species	Eukaryota	Metazoa	Arthropoda	Hexanauplia	Calanoida	Metridinidae	Metridia	Metridia lucens	TTTGGCAAGTAACGTGGCGCATGCTGGGAGCTCTGTGGACTTCGCCATTTTTTCCCTTCATTTGGCAGGTGTTTCTTCCATCTTGGGGGCAATTAATTTTATTAGGACTTTAGGAAACCTCCGAGTATTTGGGATATTTTTAGACCGAATGCCCTTATTCGCTTGGGCAGTATTAATCACAACTATTTTACTCCTCCTTTCCCTTCCTGTTTTAGCCGGGGCAATTACCATATTATTAACAGACCGAAACTTAAATACTACTTTCTATGACGTAGGAGGAGGGGGGGACCCTATTCTCTATCAGCATCTATTT
MZP_000000038	100	172567	Balanus balanus	species	Eukaryota	Metazoa	Arthropoda	Thecostraca	Balanomorpha	Balanidae	Balanus	Balanus balanus	TCTATCAAGAAATATTGCTCACTCAGGAGCTTCAGTAGATTTATCAATTTTTTCTTTACATCTGGCAGGGGCTTCCTCAATTCTTGGAGCTATTAATTTTATATCTACAGTAATTAATATGCGAGCTGAAACTCTTACATTTGATCGGCTTCCTCTTTTTGTGTGAAGTGTTTTTATTACAGTAATTTTACTGCTCCTATCACTTCCTGTACTAGCAGGAGCTATTACTATACTTCTTACAGATCGAAATTTAAACACATCATTCTTTGACCCTACAGGGGGAGGAGACCCTATTTTATACCAACACCTATTT
MZP_000000039	100	94630	Semibalanus balanoides	species	Eukaryota	Metazoa	Arthropoda	Thecostraca	Balanomorpha	Balanidae	Semibalanus	Semibalanus balanoides	TCTTTCAAGAAATATTGCGCATTCTGGAGCCTCTGTAGATCTTTCGATTTTTTCTCTCCATTTAGCTGGAGCATCCTCAATTTTAGGAGCTATCAATTTTATATCTACAGTAATTAATATACGAGCCGAGACTTTAACATTCGATCGTTTACCTCTTTTTGTTTGAAGTGTTTTTATTACAGTTATTTTACTTCTTTTATCTTTACCTGTTCTAGCTGGGGCTATTACTATACTCCTTACAGATCGTAATTTGAATACTTCTTTCTTTGACCCGACAGGAGGAGGAGACCCTATTCTGTACCAGCACTTATTC
MZP_000000040	99	316166	Agalma elegans	species	Eukaryota	Metazoa	Cnidaria	Hydrozoa	Siphonophorae	Agalmatidae	Agalma	Agalma elegans	ATTATCTGGGCCTCAAACTCATTCCGGAGGTTCGGTAGATTTAGCCATATTTAGTTTACATTGTGCAGGTGCTTCTTCTATTATGGGAGCTATAAATTTTATAACTACTATATTTAATATGAGAGCTCCTGGAATGACTATGGACAAATTACCTTTATTTGTATGATCAGTTTTAATTACAGCATTTCTTTTACTATTATCCTTACCCGTATTAGCAGGAGCAATTACAATGTTATTAACAGATAGAAATTTTAATACTAGTTTTTTCGATCCTGCAGGAGGAGGTGATCCTGTTTTATACCAACATCTATTT
MZP_000000041	100	97259	Electra pilosa	species	Eukaryota	Metazoa	Bryozoa	Gymnolaemata	Cheilostomatida	Electridae	Electra	Electra pilosa	ATTAAGACACTCCGTAGCCCATAGAGGATCTTCAGTGGATCTAGCTATTTTTAGTCTTCATTTAGCTGGGATTTCTTCTATTTTAGGAGCTATTAATTTTATAACTACCATTATTAATATGCGAAGAAATCTTATAACTCTTAATCGGATTACTCTATTTGCATGATCTGTTTTTATTACAGCTTTGCTGCTGTTGCTTAGATTACCAGTTTTAGCAGGTGCCATCACTATGCTTCTTACGGACCGAAATTTGAATACATCTTTTTTTGATCCGGCCGGAGGAGGTGATCCAATTCTTTACCAGCATTTGTTT
MZP_000000042													TTTAAGTAGAATAGGTCATATCACTCATAGAGTAGATTTTGCTATCTTTTCACTGCATCTGGCAGGATTATCATCTATCATCGGGAGAATTAATATGATCACTACAGTTATAGTAAGGCGCTTTGGAGGTATGAGTTTATCACGAATAAGATTGTACTTATGAAGGATATTGGTTACCCTAATCCTCTTATTACTATCATTACCTGTATTAGCCGGAGCTATCACCATACTACTAATAGACCGAAACTTCAACACAACTTTCTTTGATCCTGTGGGAGGGGGCGATCCAGTACTTTTTCAGCATTTGTTT
MZP_000000043	100	76797	Coryphaenoides	genus	Eukaryota	Metazoa	Chordata	Actinopteri	Gadiformes	Macrouridae	Coryphaenoides		TCTAGCAGGTAATCTCGCCCACGCAGGAGCATCCGTAGATTTAACAATTTTCTCTCTTCATCTGGCCGGTATTTCTTCGATTCTTGGAGCAATCAACTTTATTACTACCATTATTAATATAAAACCTCCAGCCATCACTCAATATCAGACACCTTTGTTTGTCTGGGCCGTGTTAATTACAGCAGTTCTTCTTTTACTCTCTCTTCCTGTGCTGGCGGCTGGAATTACAATACTTTTAACAGATCGAAATCTTAACACCTCCTTTTTTGACCCAGCTGGTGGAGGAGACCCCATTTTGTACCAGCACCTTTTC
MZP_000000044	100	3050096	Prionospio plumosa	species	Eukaryota	Metazoa	Annelida	Polychaeta	Spionida	Spionidae	Prionospio	Prionospio plumosa	TCTAGCAAGAAACCTTGCCCATGCTGGCCCATCAGTTGACTTAGCTATTTTTTCTCTACATTTAGCAGGAATTTCTTCTATTCTTGGAGCACTTAATTTTATTACTACAGTTTTAAACATACGTGTACAAGGCCTACGAATAGAGCGGATACCTCTATTTGTCTGAGCTGTATTTATCACAGCTATTCTTCTTCTCTTATCCCTACCAGTATTAGCCGGTGCTATTACAATACTTCTTACTGACCGAAATATCAACACCTCTTTCTTTGATCCAGCAGGGGGGGGTGACCCCATCCTTTATCAACACTTATTT
MZP_000000045													TCTATCAGCTGCTATAGCCTCTAGCGGCCCCTCTGTTGATTTGGCTATTTTTAGTCTTCATTTAGCGGGGGTAAGTTCTTTACTGGGTGCCATAAATTTTATAGTTACTATCCTAAATAACAGGGCCCCAGGGGCCTATTTTTTTAATATAAATTTGTTTGTTTGATCGATTCTGGTCACAGCCGTTCTACTGCTGTTAAGTCTGCCCGTTCTGGCGGGTGCTATTACTATGCTATTGACGGACAGAAATTTTAACACAACTTTTTTTGATCCTAGTGGGGGTGGGGATCCGATCCTATATCAGCATTTATTT
MZP_000000046													ATTAAGTACATCATTAATGAGTCTATCACCTATTGGAATTGATATTTTATTATATGGATTATTATTGTCAGGTATATCATCATGTCTAACATCTATTAATTTCATCGCTACAATTATAAATATGAGATGTTATAGTATGACATTATCGATTATGCCAGTATATACATGGTCTATATATATTACAGGATTTCTATTATTATTAACATTACCTATATTAACAGGAGCTCTTATAATGTTATTAGCGGATCTTCATTTGAATGCAGTTTTCTTTGATCCAATATTTGGAGGTGATCCTGTACTTTATCAACATTTATTT
MZP_000000047	85	220646	Limacina	genus	Eukaryota	Metazoa	Mollusca	Gastropoda	Pteropoda	Limacinidae	Limacina		TTTAAGAAGGATGGGGCATATATCACTAAGTGTGGATTTTTGTATTTTTTCACTTCATTTAGCAGGCCTTTCTTCAATTATTGGTGCAATTAACATAATTACAACCATTATAATCAGGCGAGCAAAAATAATAACATTATCGCGAATGAGACTTTATTTGTGAAGAATATTAATCACATTGATTTTATTGTTATTATCTTTACCAGTACTTGCTGGTGCAATTACAATATTATTACTGGATCGAAATTTTAATACAACCTTCTTTGATCCTGTAGGAGGAGGTGATCCAATTTTATTTCAACATTTGTTT
MZP_000000048	100	148993	Pseudocalanus minutus	species	Eukaryota	Metazoa	Arthropoda	Hexanauplia	Calanoida	Clausocalanidae	Pseudocalanus	Pseudocalanus minutus	ATTATCCAGAAATATTGCTCATGCAGGAGGGTCAGTAGATTTTGCTATTTTTTCTTTACATTTAGCAGGTGTTAGATCTATTTTAGGTGCTGTAAATTTTATTAGCACATTAGGTAATTTACGAGTATTTGGTATACTCCTAGACCAAATACCTTTGTTTGCGTGGTCTGTATTAGTCACAGCCATCCTTTTATTACTATCCTTACCAGTATTAGCTGGGGCTATTACTATATTGTTGACAGATCGTAACTTAAACACATCATTTTATGATGTAGGGGGTGGTGGGGATCCTATCTTATACCAACATTTGTTT
MZP_000000049	100	136186	Paraeuchaeta norvegica	species	Eukaryota	Metazoa	Arthropoda	Hexanauplia	Calanoida	Euchaetidae	Paraeuchaeta	Paraeuchaeta norvegica	TCTATCTAGAAATATCGCGCATGCTGGAGGATCGGTAGATTTTGCAATTTTTTCATTGCATTTAGCCGGGGTTAGATCTATTTTAGGGGCTGTTAATTTTATCAGAACATTGGGTAATTTACGAGTATTCGAAATATTGTTAGATCGAGTTCCCCTGTTTGCTTGGTCTGTGTTAATTACGGCAGTTCTCTTACTATTGTCTCTGCCCGTGTTAGCCGGGGCCATTACTATATTATTAACAGATCGAAACTTAAACACAACTTTTTATGATGTGGGAGGGGGGGGTGATCCTATTCTATATCAACATTTATTT
MZP_000000050	76	83226	Camaenidae	family	Eukaryota	Metazoa	Mollusca	Gastropoda	Stylommatophora	Camaenidae			ACTGAGGAGAATAGGTCATAACACTCATAGAGTAGATTTTGCAATCTTTTCTTTACACTTAGCGGGACTATCATCTATCATTGGGAGTATTAACATAATTACTACAATTATAATTAGGCGTTTCGGGATTATGAGTCTGTCACGGATAAGATTGTACTTGTGAGGAATATTAGTGACTCTAATTCTTTTATTACTTTCTTTACCTGTACTAGCAGGAGCTATTACGATACTATTAATAGACCGTAACTTCAACACAACTTTTTTTGATCCTGTAGGAGGTGGCGATCCAGTATTATTTCAGCATTTGTTT